step_id,audience,route,screen_name,layout_family,desktop_reference_png,desktop_reference_html,mobile_reference_png,components_from_authoritative_matrix,required_states,visual_rule,success_evidence
S07,Staff,/login,Staff login,auth,references/01-login.png,prototype/screens/01-login.html,references/01-login.png,LoginPanel; EmailField; PasswordField; RateLimitNotice,default; loading; empty; validation; permission; dependency failure; conflict when mutable,"Do not invent a new visual language. Reuse the referenced layout family, design tokens and component catalogue; adapt only content and domain-specific fields.","Desktop + 360px screenshot, keyboard pass, 200% zoom pass, route authorization tests, and visual review against reference."
S08,Staff,/mfa/verify,MFA verification,security-auth,references/02-mfa.png,prototype/screens/02-mfa.html,references/02-mfa.png,OtpInput; RecoveryCodeMode; TrustedContextNotice,default; loading; empty; validation; permission; dependency failure; conflict when mutable,"Do not invent a new visual language. Reuse the referenced layout family, design tokens and component catalogue; adapt only content and domain-specific fields.","Desktop + 360px screenshot, keyboard pass, 200% zoom pass, route authorization tests, and visual review against reference."
S07,Public,/password-reset/request,Password reset request,auth,references/01-login.png,prototype/screens/01-login.html,references/01-login.png,EmailField; NeutralConfirmation,default; loading; empty; validation; permission; dependency failure; conflict when mutable,"Do not invent a new visual language. Reuse the referenced layout family, design tokens and component catalogue; adapt only content and domain-specific fields.","Desktop + 360px screenshot, keyboard pass, 200% zoom pass, route authorization tests, and visual review against reference."
S07,Public,/password-reset/confirm,Password reset confirmation,auth,references/01-login.png,prototype/screens/01-login.html,references/01-login.png,PasswordFields; TokenStatus; SuccessPanel,default; loading; empty; validation; permission; dependency failure; conflict when mutable,"Do not invent a new visual language. Reuse the referenced layout family, design tokens and component catalogue; adapt only content and domain-specific fields.","Desktop + 360px screenshot, keyboard pass, 200% zoom pass, route authorization tests, and visual review against reference."
S08,Staff,/account/security,Account security,security-auth,references/02-mfa.png,prototype/screens/02-mfa.html,references/02-mfa.png,MfaCard; RecoveryCodes; AuthEventList; StepUpDialog,default; loading; empty; validation; permission; dependency failure; conflict when mutable,"Do not invent a new visual language. Reuse the referenced layout family, design tokens and component catalogue; adapt only content and domain-specific fields.","Desktop + 360px screenshot, keyboard pass, 200% zoom pass, route authorization tests, and visual review against reference."
S08,Staff,/account/sessions,Session inventory,security-auth,references/02-mfa.png,prototype/screens/02-mfa.html,references/02-mfa.png,SessionTable; RevokeDialog,default; loading; empty; validation; permission; dependency failure; conflict when mutable,"Do not invent a new visual language. Reuse the referenced layout family, design tokens and component catalogue; adapt only content and domain-specific fields.","Desktop + 360px screenshot, keyboard pass, 200% zoom pass, route authorization tests, and visual review against reference."
S05,Staff,/account/preferences,Staff UI preferences,generic-shell,references/00-design-system.png,prototype/screens/00-design-system.html,references/27-responsive-data-pattern.png,PreferenceForm; Preview,default; loading; empty; validation; permission; dependency failure; conflict when mutable,"Do not invent a new visual language. Reuse the referenced layout family, design tokens and component catalogue; adapt only content and domain-specific fields.","Desktop + 360px screenshot, keyboard pass, 200% zoom pass, route authorization tests, and visual review against reference."
S05,Staff,/,Operational home,desktop-shell,references/03-operational-home.png,prototype/screens/03-operational-home.html,references/28-mobile-home.png,AppShell; GlobalNav; PriorityQueue; KPIExceptionCards; RecentChanges,default; loading; empty; validation; permission; dependency failure; conflict when mutable,"Do not invent a new visual language. Reuse the referenced layout family, design tokens and component catalogue; adapt only content and domain-specific fields.","Desktop + 360px screenshot, keyboard pass, 200% zoom pass, route authorization tests, and visual review against reference."
S18,Staff,/work,Unified work queue,work-queue,references/08-work-queue.png,prototype/screens/08-work-queue.html,references/28-mobile-home.png,QueueFilters; RankedWorkList; BulkActionBar; QueueReason,default; loading; empty; validation; permission; dependency failure; conflict when mutable,"Do not invent a new visual language. Reuse the referenced layout family, design tokens and component catalogue; adapt only content and domain-specific fields.","Desktop + 360px screenshot, keyboard pass, 200% zoom pass, route authorization tests, and visual review against reference."
S18,Staff,/work/tasks,Task list,work-queue,references/08-work-queue.png,prototype/screens/08-work-queue.html,references/28-mobile-home.png,FilterBar; TaskTable; SavedViewPicker; QuickCreate,default; loading; empty; validation; permission; dependency failure; conflict when mutable,"Do not invent a new visual language. Reuse the referenced layout family, design tokens and component catalogue; adapt only content and domain-specific fields.","Desktop + 360px screenshot, keyboard pass, 200% zoom pass, route authorization tests, and visual review against reference."
S18,Staff,/work/tasks/{id},Task detail,work-queue,references/08-work-queue.png,prototype/screens/08-work-queue.html,references/28-mobile-home.png,TaskHeader; OutcomeForm; SourceContext; TaskHistory,default; loading; empty; validation; permission; dependency failure; conflict when mutable,"Do not invent a new visual language. Reuse the referenced layout family, design tokens and component catalogue; adapt only content and domain-specific fields.","Desktop + 360px screenshot, keyboard pass, 200% zoom pass, route authorization tests, and visual review against reference."
S18,Staff,/work/approvals,Approval queue,work-queue,references/08-work-queue.png,prototype/screens/08-work-queue.html,references/28-mobile-home.png,ApprovalTable; DeadlineBadges; SnapshotDiff,default; loading; empty; validation; permission; dependency failure; conflict when mutable,"Do not invent a new visual language. Reuse the referenced layout family, design tokens and component catalogue; adapt only content and domain-specific fields.","Desktop + 360px screenshot, keyboard pass, 200% zoom pass, route authorization tests, and visual review against reference."
S18,Staff,/work/approvals/{id},Approval decision,work-queue,references/08-work-queue.png,prototype/screens/08-work-queue.html,references/28-mobile-home.png,ApprovalHeader; SnapshotViewer; DiffPanel; DecisionForm,default; loading; empty; validation; permission; dependency failure; conflict when mutable,"Do not invent a new visual language. Reuse the referenced layout family, design tokens and component catalogue; adapt only content and domain-specific fields.","Desktop + 360px screenshot, keyboard pass, 200% zoom pass, route authorization tests, and visual review against reference."
S18,Staff,/work/calendar,CRM calendar,work-queue,references/08-work-queue.png,prototype/screens/08-work-queue.html,references/28-mobile-home.png,CalendarToolbar; DayWeekMonthGrid; AccessibleAgenda,default; loading; empty; validation; permission; dependency failure; conflict when mutable,"Do not invent a new visual language. Reuse the referenced layout family, design tokens and component catalogue; adapt only content and domain-specific fields.","Desktop + 360px screenshot, keyboard pass, 200% zoom pass, route authorization tests, and visual review against reference."
S16,Staff,/search,Universal search,search-results,references/04-universal-search.png,prototype/screens/04-universal-search.html,references/29-mobile-customer.png,SearchBox; TypeFilters; ResultsByType; KeyboardNavigator,default; loading; empty; validation; permission; dependency failure; conflict when mutable,"Do not invent a new visual language. Reuse the referenced layout family, design tokens and component catalogue; adapt only content and domain-specific fields.","Desktop + 360px screenshot, keyboard pass, 200% zoom pass, route authorization tests, and visual review against reference."
S18,Staff,/notifications,Notifications,work-queue,references/08-work-queue.png,prototype/screens/08-work-queue.html,references/28-mobile-home.png,NotificationList; SeverityFilter; AcknowledgeAction,default; loading; empty; validation; permission; dependency failure; conflict when mutable,"Do not invent a new visual language. Reuse the referenced layout family, design tokens and component catalogue; adapt only content and domain-specific fields.","Desktop + 360px screenshot, keyboard pass, 200% zoom pass, route authorization tests, and visual review against reference."
S14,Staff,/customers,Customer organizations,data-table-list,references/05-customer-list.png,prototype/screens/05-customer-list.html,references/27-responsive-data-pattern.png,CustomerFilters; OrganizationTable; SavedViews; CreateButton,default; loading; empty; validation; permission; dependency failure; conflict when mutable,"Do not invent a new visual language. Reuse the referenced layout family, design tokens and component catalogue; adapt only content and domain-specific fields.","Desktop + 360px screenshot, keyboard pass, 200% zoom pass, route authorization tests, and visual review against reference."
S14,Staff,/customers/new,Create organization,customer-360-tab,references/06-customer-360.png,prototype/screens/06-customer-360.html,references/29-mobile-customer.png,OrganizationForm; DuplicateCandidatePanel; ConsentNotice,default; loading; empty; validation; permission; dependency failure; conflict when mutable,"Do not invent a new visual language. Reuse the referenced layout family, design tokens and component catalogue; adapt only content and domain-specific fields.","Desktop + 360px screenshot, keyboard pass, 200% zoom pass, route authorization tests, and visual review against reference."
S16,Staff,/customers/{id},Customer 360 overview,customer-360-tab,references/06-customer-360.png,prototype/screens/06-customer-360.html,references/29-mobile-customer.png,CustomerHeader; LifecycleBadge; OwnerCard; NextActionCard; AlertStack; SummaryTabs,default; loading; empty; validation; permission; dependency failure; conflict when mutable,"Do not invent a new visual language. Reuse the referenced layout family, design tokens and component catalogue; adapt only content and domain-specific fields.","Desktop + 360px screenshot, keyboard pass, 200% zoom pass, route authorization tests, and visual review against reference."
S16,Staff,/customers/{id}/timeline,Timeline,customer-tab-timeline,references/07-customer-timeline.png,prototype/screens/07-customer-timeline.html,references/29-mobile-customer.png,TabHeader; FilterBar; SourceLinkedCards; TimelineOrTable; PermissionLabels,default; loading; empty; validation; permission; dependency failure; conflict when mutable,"Do not invent a new visual language. Reuse the referenced layout family, design tokens and component catalogue; adapt only content and domain-specific fields.","Desktop + 360px screenshot, keyboard pass, 200% zoom pass, route authorization tests, and visual review against reference."
S16,Staff,/customers/{id}/sales,Sales tab,customer-360-tab,references/06-customer-360.png,prototype/screens/06-customer-360.html,references/29-mobile-customer.png,TabHeader; FilterBar; SourceLinkedCards; TimelineOrTable; PermissionLabels,default; loading; empty; validation; permission; dependency failure; conflict when mutable,"Do not invent a new visual language. Reuse the referenced layout family, design tokens and component catalogue; adapt only content and domain-specific fields.","Desktop + 360px screenshot, keyboard pass, 200% zoom pass, route authorization tests, and visual review against reference."
S16,Staff,/customers/{id}/onboarding,Onboarding tab,customer-360-tab,references/06-customer-360.png,prototype/screens/06-customer-360.html,references/29-mobile-customer.png,TabHeader; FilterBar; SourceLinkedCards; TimelineOrTable; PermissionLabels,default; loading; empty; validation; permission; dependency failure; conflict when mutable,"Do not invent a new visual language. Reuse the referenced layout family, design tokens and component catalogue; adapt only content and domain-specific fields.","Desktop + 360px screenshot, keyboard pass, 200% zoom pass, route authorization tests, and visual review against reference."
S16,Staff,/customers/{id}/support,Support tab,customer-360-tab,references/06-customer-360.png,prototype/screens/06-customer-360.html,references/29-mobile-customer.png,TabHeader; FilterBar; SourceLinkedCards; TimelineOrTable; PermissionLabels,default; loading; empty; validation; permission; dependency failure; conflict when mutable,"Do not invent a new visual language. Reuse the referenced layout family, design tokens and component catalogue; adapt only content and domain-specific fields.","Desktop + 360px screenshot, keyboard pass, 200% zoom pass, route authorization tests, and visual review against reference."
S16,Staff,/customers/{id}/feedback,Feedback tab,customer-360-tab,references/06-customer-360.png,prototype/screens/06-customer-360.html,references/29-mobile-customer.png,TabHeader; FilterBar; SourceLinkedCards; TimelineOrTable; PermissionLabels,default; loading; empty; validation; permission; dependency failure; conflict when mutable,"Do not invent a new visual language. Reuse the referenced layout family, design tokens and component catalogue; adapt only content and domain-specific fields.","Desktop + 360px screenshot, keyboard pass, 200% zoom pass, route authorization tests, and visual review against reference."
S16,Staff,/customers/{id}/success,Success tab,customer-360-tab,references/06-customer-360.png,prototype/screens/06-customer-360.html,references/29-mobile-customer.png,TabHeader; FilterBar; SourceLinkedCards; TimelineOrTable; PermissionLabels,default; loading; empty; validation; permission; dependency failure; conflict when mutable,"Do not invent a new visual language. Reuse the referenced layout family, design tokens and component catalogue; adapt only content and domain-specific fields.","Desktop + 360px screenshot, keyboard pass, 200% zoom pass, route authorization tests, and visual review against reference."
S11,Staff,/customers/{id}/files,Files tab,customer-tab-files,references/06-customer-360.png,prototype/screens/06-customer-360.html,references/29-mobile-customer.png,TabHeader; FilterBar; SourceLinkedCards; TimelineOrTable; PermissionLabels,default; loading; empty; validation; permission; dependency failure; conflict when mutable,"Do not invent a new visual language. Reuse the referenced layout family, design tokens and component catalogue; adapt only content and domain-specific fields.","Desktop + 360px screenshot, keyboard pass, 200% zoom pass, route authorization tests, and visual review against reference."
S17,Staff,/customers/{id}/governance,Governance tab,customer-360-tab,references/06-customer-360.png,prototype/screens/06-customer-360.html,references/29-mobile-customer.png,TabHeader; FilterBar; SourceLinkedCards; TimelineOrTable; PermissionLabels,default; loading; empty; validation; permission; dependency failure; conflict when mutable,"Do not invent a new visual language. Reuse the referenced layout family, design tokens and component catalogue; adapt only content and domain-specific fields.","Desktop + 360px screenshot, keyboard pass, 200% zoom pass, route authorization tests, and visual review against reference."
S14,Staff,/contacts,Contacts,contact-list-or-detail,references/05-customer-list.png,prototype/screens/05-customer-list.html,references/29-mobile-customer.png,ContactFilters; ContactTable; RelationshipBadges,default; loading; empty; validation; permission; dependency failure; conflict when mutable,"Do not invent a new visual language. Reuse the referenced layout family, design tokens and component catalogue; adapt only content and domain-specific fields.","Desktop + 360px screenshot, keyboard pass, 200% zoom pass, route authorization tests, and visual review against reference."
S14,Staff,/contacts/new,Create contact,contact-list-or-detail,references/06-customer-360.png,prototype/screens/06-customer-360.html,references/29-mobile-customer.png,ContactForm; ContactPointRepeater; RelationshipForm; DuplicatePanel,default; loading; empty; validation; permission; dependency failure; conflict when mutable,"Do not invent a new visual language. Reuse the referenced layout family, design tokens and component catalogue; adapt only content and domain-specific fields.","Desktop + 360px screenshot, keyboard pass, 200% zoom pass, route authorization tests, and visual review against reference."
S14,Staff,/contacts/{id},Contact detail,contact-list-or-detail,references/06-customer-360.png,prototype/screens/06-customer-360.html,references/29-mobile-customer.png,ContactHeader; RelationshipTimeline; ContactPoints; ConsentSummary; ActivityList,default; loading; empty; validation; permission; dependency failure; conflict when mutable,"Do not invent a new visual language. Reuse the referenced layout family, design tokens and component catalogue; adapt only content and domain-specific fields.","Desktop + 360px screenshot, keyboard pass, 200% zoom pass, route authorization tests, and visual review against reference."
S17,Staff,/duplicates,Duplicate review,generic-shell,references/00-design-system.png,prototype/screens/00-design-system.html,references/27-responsive-data-pattern.png,CandidateTable; EvidenceComparison; ConflictGrid; MergePreview; DecisionDialog,default; loading; empty; validation; permission; dependency failure; conflict when mutable,"Do not invent a new visual language. Reuse the referenced layout family, design tokens and component catalogue; adapt only content and domain-specific fields.","Desktop + 360px screenshot, keyboard pass, 200% zoom pass, route authorization tests, and visual review against reference."
S17,Staff,/data-quality,Data quality exceptions,generic-shell,references/00-design-system.png,prototype/screens/00-design-system.html,references/27-responsive-data-pattern.png,RuleSummary; IssueTable; FieldEvidence; ResolutionForm,default; loading; empty; validation; permission; dependency failure; conflict when mutable,"Do not invent a new visual language. Reuse the referenced layout family, design tokens and component catalogue; adapt only content and domain-specific fields.","Desktop + 360px screenshot, keyboard pass, 200% zoom pass, route authorization tests, and visual review against reference."
S19,Staff,/sales/leads,Lead queue,lead-list-or-detail,references/05-customer-list.png,prototype/screens/05-customer-list.html,references/28-mobile-home.png,LeadFilters; SLAColumn; ReasonBadges; LeadTable; BulkBoundedActions,default; loading; empty; validation; permission; dependency failure; conflict when mutable,"Do not invent a new visual language. Reuse the referenced layout family, design tokens and component catalogue; adapt only content and domain-specific fields.","Desktop + 360px screenshot, keyboard pass, 200% zoom pass, route authorization tests, and visual review against reference."
S19,Staff,/sales/leads/new,Create lead,lead-list-or-detail,references/05-customer-list.png,prototype/screens/05-customer-list.html,references/28-mobile-home.png,LeadIntakeForm; CustomerMatchPanel; ConsentEvidence,default; loading; empty; validation; permission; dependency failure; conflict when mutable,"Do not invent a new visual language. Reuse the referenced layout family, design tokens and component catalogue; adapt only content and domain-specific fields.","Desktop + 360px screenshot, keyboard pass, 200% zoom pass, route authorization tests, and visual review against reference."
S19,Staff,/sales/leads/{id},Lead workspace,lead-list-or-detail,references/09-lead-workspace.png,prototype/screens/09-lead-workspace.html,references/28-mobile-home.png,LeadHeader; QualificationPanel; Timeline; ScoreExplanation; NextAction; SequenceStatus,default; loading; empty; validation; permission; dependency failure; conflict when mutable,"Do not invent a new visual language. Reuse the referenced layout family, design tokens and component catalogue; adapt only content and domain-specific fields.","Desktop + 360px screenshot, keyboard pass, 200% zoom pass, route authorization tests, and visual review against reference."
S20,Staff,/sales/opportunities,Opportunity list,opportunity-list-or-detail,references/05-customer-list.png,prototype/screens/05-customer-list.html,references/29-mobile-customer.png,OpportunityFilters; Table; ForecastBadges; RiskReasons; SavedViews,default; loading; empty; validation; permission; dependency failure; conflict when mutable,"Do not invent a new visual language. Reuse the referenced layout family, design tokens and component catalogue; adapt only content and domain-specific fields.","Desktop + 360px screenshot, keyboard pass, 200% zoom pass, route authorization tests, and visual review against reference."
S20,Staff,/sales/pipeline,Pipeline board,pipeline-board,references/10-opportunity-pipeline.png,prototype/screens/10-opportunity-pipeline.html,references/27-responsive-data-pattern.png,StageColumns; OpportunityCards; KeyboardMoveDialog; StageTotals,default; loading; empty; validation; permission; dependency failure; conflict when mutable,"Do not invent a new visual language. Reuse the referenced layout family, design tokens and component catalogue; adapt only content and domain-specific fields.","Desktop + 360px screenshot, keyboard pass, 200% zoom pass, route authorization tests, and visual review against reference."
S20,Staff,/sales/opportunities/{id},Opportunity workspace,opportunity-list-or-detail,references/11-opportunity-workspace.png,prototype/screens/11-opportunity-workspace.html,references/29-mobile-customer.png,OpportunityHeader; StageStepper; StakeholderPanel; LineItems; RiskPanel; QuoteList; Timeline,default; loading; empty; validation; permission; dependency failure; conflict when mutable,"Do not invent a new visual language. Reuse the referenced layout family, design tokens and component catalogue; adapt only content and domain-specific fields.","Desktop + 360px screenshot, keyboard pass, 200% zoom pass, route authorization tests, and visual review against reference."
S21,Staff,/sales/quotes,Quotes,quote-version-and-approval,references/12-quote-approval.png,prototype/screens/12-quote-approval.html,references/27-responsive-data-pattern.png,QuoteFilters; QuoteTable; ApprovalState; ExpiryBadges,default; loading; empty; validation; permission; dependency failure; conflict when mutable,"Do not invent a new visual language. Reuse the referenced layout family, design tokens and component catalogue; adapt only content and domain-specific fields.","Desktop + 360px screenshot, keyboard pass, 200% zoom pass, route authorization tests, and visual review against reference."
S21,Staff,/sales/quotes/{id},Quote editor and evidence,quote-version-and-approval,references/12-quote-approval.png,prototype/screens/12-quote-approval.html,references/27-responsive-data-pattern.png,QuoteHeader; VersionSwitcher; LineEditor; Totals; ApprovalPanel; DeliveryEvidence,default; loading; empty; validation; permission; dependency failure; conflict when mutable,"Do not invent a new visual language. Reuse the referenced layout family, design tokens and component catalogue; adapt only content and domain-specific fields.","Desktop + 360px screenshot, keyboard pass, 200% zoom pass, route authorization tests, and visual review against reference."
S20,Staff,/sales/catalog,Product and service catalogue,sales-configuration,references/11-opportunity-workspace.png,prototype/screens/11-opportunity-workspace.html,references/27-responsive-data-pattern.png,CatalogueTable; VersionForm; MappingPanel,default; loading; empty; validation; permission; dependency failure; conflict when mutable,"Do not invent a new visual language. Reuse the referenced layout family, design tokens and component catalogue; adapt only content and domain-specific fields.","Desktop + 360px screenshot, keyboard pass, 200% zoom pass, route authorization tests, and visual review against reference."
S20,Staff,/sales/pipelines,Pipeline configuration,sales-configuration,references/11-opportunity-workspace.png,prototype/screens/11-opportunity-workspace.html,references/27-responsive-data-pattern.png,PipelineList; StageEditor; TransitionMatrix; DependencyPanel,default; loading; empty; validation; permission; dependency failure; conflict when mutable,"Do not invent a new visual language. Reuse the referenced layout family, design tokens and component catalogue; adapt only content and domain-specific fields.","Desktop + 360px screenshot, keyboard pass, 200% zoom pass, route authorization tests, and visual review against reference."
S33,Manager,/sales/forecast,Forecast dashboard,forecast-dashboard,references/21-reports-dashboard.png,prototype/screens/21-reports-dashboard.html,references/27-responsive-data-pattern.png,ForecastCards; CurrencyBasis; StageChart; ExceptionTable,default; loading; empty; validation; permission; dependency failure; conflict when mutable,"Do not invent a new visual language. Reuse the referenced layout family, design tokens and component catalogue; adapt only content and domain-specific fields.","Desktop + 360px screenshot, keyboard pass, 200% zoom pass, route authorization tests, and visual review against reference."
S24,Staff,/messaging/inbox,CRM inbox,message-thread,references/13-email-thread.png,prototype/screens/13-email-thread.html,references/30-mobile-ticket.png,MailboxFilter; ThreadList; UnreadAge; MatchConfidence; CustomerContext,default; loading; empty; validation; permission; dependency failure; conflict when mutable,"Do not invent a new visual language. Reuse the referenced layout family, design tokens and component catalogue; adapt only content and domain-specific fields.","Desktop + 360px screenshot, keyboard pass, 200% zoom pass, route authorization tests, and visual review against reference."
S24,Staff,/messaging/threads/{id},Email thread,message-thread,references/13-email-thread.png,prototype/screens/13-email-thread.html,references/30-mobile-ticket.png,ThreadHeader; MessageStream; SafeHtmlViewer; AttachmentList; ReplyComposer; MatchReview,default; loading; empty; validation; permission; dependency failure; conflict when mutable,"Do not invent a new visual language. Reuse the referenced layout family, design tokens and component catalogue; adapt only content and domain-specific fields.","Desktop + 360px screenshot, keyboard pass, 200% zoom pass, route authorization tests, and visual review against reference."
S22,Staff,/messaging/drafts,Draft queue,messaging-list-or-editor,references/13-email-thread.png,prototype/screens/13-email-thread.html,references/27-responsive-data-pattern.png,DraftFilters; DraftTable; PurposeBadges; ApprovalState,default; loading; empty; validation; permission; dependency failure; conflict when mutable,"Do not invent a new visual language. Reuse the referenced layout family, design tokens and component catalogue; adapt only content and domain-specific fields.","Desktop + 360px screenshot, keyboard pass, 200% zoom pass, route authorization tests, and visual review against reference."
S22,Staff,/messaging/drafts/{id},Controlled email draft,messaging-list-or-editor,references/13-email-thread.png,prototype/screens/13-email-thread.html,references/27-responsive-data-pattern.png,RecipientPanel; BlockComposer; PlainHtmlPreview; PolicyChecklist; ApprovalPanel,default; loading; empty; validation; permission; dependency failure; conflict when mutable,"Do not invent a new visual language. Reuse the referenced layout family, design tokens and component catalogue; adapt only content and domain-specific fields.","Desktop + 360px screenshot, keyboard pass, 200% zoom pass, route authorization tests, and visual review against reference."
S22,Staff,/messaging/templates,Templates,messaging-list-or-editor,references/13-email-thread.png,prototype/screens/13-email-thread.html,references/27-responsive-data-pattern.png,TemplateTable; PurposeFilter; VersionBadges,default; loading; empty; validation; permission; dependency failure; conflict when mutable,"Do not invent a new visual language. Reuse the referenced layout family, design tokens and component catalogue; adapt only content and domain-specific fields.","Desktop + 360px screenshot, keyboard pass, 200% zoom pass, route authorization tests, and visual review against reference."
S22,Staff,/messaging/templates/{id},Template editor,messaging-list-or-editor,references/13-email-thread.png,prototype/screens/13-email-thread.html,references/27-responsive-data-pattern.png,TemplateEditor; VariableDictionary; PreviewContexts; Diff; Approval,default; loading; empty; validation; permission; dependency failure; conflict when mutable,"Do not invent a new visual language. Reuse the referenced layout family, design tokens and component catalogue; adapt only content and domain-specific fields.","Desktop + 360px screenshot, keyboard pass, 200% zoom pass, route authorization tests, and visual review against reference."
S23,Operations,/messaging/outbox,Outbox,outbox-evidence,references/15-automation-run.png,prototype/screens/15-automation-run.html,references/27-responsive-data-pattern.png,OutboxFilters; StateTable; PolicyResult; AttemptCount,default; loading; empty; validation; permission; dependency failure; conflict when mutable,"Do not invent a new visual language. Reuse the referenced layout family, design tokens and component catalogue; adapt only content and domain-specific fields.","Desktop + 360px screenshot, keyboard pass, 200% zoom pass, route authorization tests, and visual review against reference."
S23,Operations,/messaging/outbox/{id},Outbox evidence,outbox-evidence,references/15-automation-run.png,prototype/screens/15-automation-run.html,references/27-responsive-data-pattern.png,OutboxHeader; RecipientList; PolicyEvidence; AttemptTimeline; AmbiguityPanel,default; loading; empty; validation; permission; dependency failure; conflict when mutable,"Do not invent a new visual language. Reuse the referenced layout family, design tokens and component catalogue; adapt only content and domain-specific fields.","Desktop + 360px screenshot, keyboard pass, 200% zoom pass, route authorization tests, and visual review against reference."
S22,Admin,/messaging/mailboxes,Mailbox administration,messaging-list-or-editor,references/13-email-thread.png,prototype/screens/13-email-thread.html,references/27-responsive-data-pattern.png,MailboxTable; SecretReferenceForm; TestPanel; HealthBadges,default; loading; empty; validation; permission; dependency failure; conflict when mutable,"Do not invent a new visual language. Reuse the referenced layout family, design tokens and component catalogue; adapt only content and domain-specific fields.","Desktop + 360px screenshot, keyboard pass, 200% zoom pass, route authorization tests, and visual review against reference."
S15,Admin,/messaging/suppressions,Communication suppression,messaging-list-or-editor,references/13-email-thread.png,prototype/screens/13-email-thread.html,references/27-responsive-data-pattern.png,SuppressionTable; EvidenceDrawer; CreateHoldForm,default; loading; empty; validation; permission; dependency failure; conflict when mutable,"Do not invent a new visual language. Reuse the referenced layout family, design tokens and component catalogue; adapt only content and domain-specific fields.","Desktop + 360px screenshot, keyboard pass, 200% zoom pass, route authorization tests, and visual review against reference."
S25,Admin,/automation,Automation definitions,automation-list-or-detail,references/14-automation-builder.png,prototype/screens/14-automation-builder.html,references/27-responsive-data-pattern.png,WorkflowTable; StateBadges; OwnerFilter; DependencyWarnings,default; loading; empty; validation; permission; dependency failure; conflict when mutable,"Do not invent a new visual language. Reuse the referenced layout family, design tokens and component catalogue; adapt only content and domain-specific fields.","Desktop + 360px screenshot, keyboard pass, 200% zoom pass, route authorization tests, and visual review against reference."
S25,Admin,/automation/new,Create workflow definition,workflow-builder,references/14-automation-builder.png,prototype/screens/14-automation-builder.html,references/27-responsive-data-pattern.png,WorkflowMetadataForm; PurposeClassification; OwnerPicker,default; loading; empty; validation; permission; dependency failure; conflict when mutable,"Do not invent a new visual language. Reuse the referenced layout family, design tokens and component catalogue; adapt only content and domain-specific fields.","Desktop + 360px screenshot, keyboard pass, 200% zoom pass, route authorization tests, and visual review against reference."
S25,Admin,/automation/{id},Automation overview,automation-list-or-detail,references/14-automation-builder.png,prototype/screens/14-automation-builder.html,references/27-responsive-data-pattern.png,WorkflowHeader; VersionList; DependencyGraph; Metrics; ChangeHistory,default; loading; empty; validation; permission; dependency failure; conflict when mutable,"Do not invent a new visual language. Reuse the referenced layout family, design tokens and component catalogue; adapt only content and domain-specific fields.","Desktop + 360px screenshot, keyboard pass, 200% zoom pass, route authorization tests, and visual review against reference."
S25,Admin,/automation/{id}/builder,Workflow builder,workflow-builder,references/14-automation-builder.png,prototype/screens/14-automation-builder.html,references/27-responsive-data-pattern.png,TriggerEditor; ConditionTree; StepList; DelayEditor; ExitEditor; ConflictPolicy; ValidationPanel,default; loading; empty; validation; permission; dependency failure; conflict when mutable,"Do not invent a new visual language. Reuse the referenced layout family, design tokens and component catalogue; adapt only content and domain-specific fields.","Desktop + 360px screenshot, keyboard pass, 200% zoom pass, route authorization tests, and visual review against reference."
S25,Admin,/automation/{id}/simulate,Workflow simulation,workflow-builder,references/14-automation-builder.png,prototype/screens/14-automation-builder.html,references/27-responsive-data-pattern.png,RecordPicker; SnapshotSelector; SimulationTrace; GuardResults; DateTimeline,default; loading; empty; validation; permission; dependency failure; conflict when mutable,"Do not invent a new visual language. Reuse the referenced layout family, design tokens and component catalogue; adapt only content and domain-specific fields.","Desktop + 360px screenshot, keyboard pass, 200% zoom pass, route authorization tests, and visual review against reference."
S26,Operations,/automation/runs,Workflow runs,automation-runtime,references/15-automation-run.png,prototype/screens/15-automation-run.html,references/27-responsive-data-pattern.png,RunFilters; RunTable; State/ExitBadges,default; loading; empty; validation; permission; dependency failure; conflict when mutable,"Do not invent a new visual language. Reuse the referenced layout family, design tokens and component catalogue; adapt only content and domain-specific fields.","Desktop + 360px screenshot, keyboard pass, 200% zoom pass, route authorization tests, and visual review against reference."
S26,Operations,/automation/runs/{id},Workflow run trace,automation-runtime,references/15-automation-run.png,prototype/screens/15-automation-run.html,references/27-responsive-data-pattern.png,RunHeader; ExecutionTrace; SubjectLink; JobList; HumanReadableHistory,default; loading; empty; validation; permission; dependency failure; conflict when mutable,"Do not invent a new visual language. Reuse the referenced layout family, design tokens and component catalogue; adapt only content and domain-specific fields.","Desktop + 360px screenshot, keyboard pass, 200% zoom pass, route authorization tests, and visual review against reference."
S26,Operations,/automation/jobs,Scheduled jobs,automation-runtime,references/15-automation-run.png,prototype/screens/15-automation-run.html,references/27-responsive-data-pattern.png,JobFilters; JobTable; LeaseState; RetryTimeline,default; loading; empty; validation; permission; dependency failure; conflict when mutable,"Do not invent a new visual language. Reuse the referenced layout family, design tokens and component catalogue; adapt only content and domain-specific fields.","Desktop + 360px screenshot, keyboard pass, 200% zoom pass, route authorization tests, and visual review against reference."
S26,Operations,/automation/dead-letters,Dead letters,automation-runtime,references/15-automation-run.png,prototype/screens/15-automation-run.html,references/27-responsive-data-pattern.png,DeadLetterTable; ErrorClass; PolicyRecheck; ReplayPreview,default; loading; empty; validation; permission; dependency failure; conflict when mutable,"Do not invent a new visual language. Reuse the referenced layout family, design tokens and component catalogue; adapt only content and domain-specific fields.","Desktop + 360px screenshot, keyboard pass, 200% zoom pass, route authorization tests, and visual review against reference."
S26,Admin,/automation/emergency,Automation emergency control,automation-runtime,references/15-automation-run.png,prototype/screens/15-automation-run.html,references/27-responsive-data-pattern.png,KillSwitchBanner; ScopeSelector; ImpactSummary; ApprovalDialog,default; loading; empty; validation; permission; dependency failure; conflict when mutable,"Do not invent a new visual language. Reuse the referenced layout family, design tokens and component catalogue; adapt only content and domain-specific fields.","Desktop + 360px screenshot, keyboard pass, 200% zoom pass, route authorization tests, and visual review against reference."
S28,Staff,/onboarding,Onboarding queue,onboarding,references/16-onboarding-workspace.png,prototype/screens/16-onboarding-workspace.html,references/29-mobile-customer.png,CaseFilters; CaseTable; ProgressBar; BlockerBadges,default; loading; empty; validation; permission; dependency failure; conflict when mutable,"Do not invent a new visual language. Reuse the referenced layout family, design tokens and component catalogue; adapt only content and domain-specific fields.","Desktop + 360px screenshot, keyboard pass, 200% zoom pass, route authorization tests, and visual review against reference."
S28,Staff,/onboarding/{id},Onboarding workspace,onboarding,references/16-onboarding-workspace.png,prototype/screens/16-onboarding-workspace.html,references/29-mobile-customer.png,CaseHeader; MilestoneChecklist; DependencyView; CustomerRequests; Blockers; Timeline,default; loading; empty; validation; permission; dependency failure; conflict when mutable,"Do not invent a new visual language. Reuse the referenced layout family, design tokens and component catalogue; adapt only content and domain-specific fields.","Desktop + 360px screenshot, keyboard pass, 200% zoom pass, route authorization tests, and visual review against reference."
S28,Admin,/onboarding/templates,Onboarding templates,onboarding,references/16-onboarding-workspace.png,prototype/screens/16-onboarding-workspace.html,references/29-mobile-customer.png,TemplateTable; ProductMapping; VersionBadges,default; loading; empty; validation; permission; dependency failure; conflict when mutable,"Do not invent a new visual language. Reuse the referenced layout family, design tokens and component catalogue; adapt only content and domain-specific fields.","Desktop + 360px screenshot, keyboard pass, 200% zoom pass, route authorization tests, and visual review against reference."
S28,Admin,/onboarding/templates/{id},Onboarding template editor,onboarding,references/16-onboarding-workspace.png,prototype/screens/16-onboarding-workspace.html,references/29-mobile-customer.png,MilestoneEditor; DependencyGraph; RoleMapping; InputSchema; Simulation,default; loading; empty; validation; permission; dependency failure; conflict when mutable,"Do not invent a new visual language. Reuse the referenced layout family, design tokens and component catalogue; adapt only content and domain-specific fields.","Desktop + 360px screenshot, keyboard pass, 200% zoom pass, route authorization tests, and visual review against reference."
S29,Support,/support/tickets,Support ticket queue,support,references/17-support-ticket.png,prototype/screens/17-support-ticket.html,references/30-mobile-ticket.png,TicketFilters; SLAColumns; PriorityBadges; QueueClaim,default; loading; empty; validation; permission; dependency failure; conflict when mutable,"Do not invent a new visual language. Reuse the referenced layout family, design tokens and component catalogue; adapt only content and domain-specific fields.","Desktop + 360px screenshot, keyboard pass, 200% zoom pass, route authorization tests, and visual review against reference."
S29,Support,/support/tickets/{id},Ticket workspace,support,references/17-support-ticket.png,prototype/screens/17-support-ticket.html,references/30-mobile-ticket.png,TicketHeader; SLAClock; Conversation; InternalNotes; DiagnosisForm; KnowledgeSuggestions; Timeline,default; loading; empty; validation; permission; dependency failure; conflict when mutable,"Do not invent a new visual language. Reuse the referenced layout family, design tokens and component catalogue; adapt only content and domain-specific fields.","Desktop + 360px screenshot, keyboard pass, 200% zoom pass, route authorization tests, and visual review against reference."
S29,Manager,/support/queues,Support queue health,support,references/17-support-ticket.png,prototype/screens/17-support-ticket.html,references/30-mobile-ticket.png,QueueCards; AgingChart; ExceptionTable; AssignmentActions,default; loading; empty; validation; permission; dependency failure; conflict when mutable,"Do not invent a new visual language. Reuse the referenced layout family, design tokens and component catalogue; adapt only content and domain-specific fields.","Desktop + 360px screenshot, keyboard pass, 200% zoom pass, route authorization tests, and visual review against reference."
S29,Support,/support/incidents,Customer service incidents,support,references/17-support-ticket.png,prototype/screens/17-support-ticket.html,references/30-mobile-ticket.png,IncidentTable; ImpactSummary; UpdateCadence; AffectedCustomers,default; loading; empty; validation; permission; dependency failure; conflict when mutable,"Do not invent a new visual language. Reuse the referenced layout family, design tokens and component catalogue; adapt only content and domain-specific fields.","Desktop + 360px screenshot, keyboard pass, 200% zoom pass, route authorization tests, and visual review against reference."
S29,Support,/support/incidents/{id},Incident command center,support,references/17-support-ticket.png,prototype/screens/17-support-ticket.html,references/30-mobile-ticket.png,IncidentHeader; Timeline; UpdateComposer; CustomerList; Actions,default; loading; empty; validation; permission; dependency failure; conflict when mutable,"Do not invent a new visual language. Reuse the referenced layout family, design tokens and component catalogue; adapt only content and domain-specific fields.","Desktop + 360px screenshot, keyboard pass, 200% zoom pass, route authorization tests, and visual review against reference."
S29,Support,/support/knowledge,Knowledge library,support,references/17-support-ticket.png,prototype/screens/17-support-ticket.html,references/30-mobile-ticket.png,KnowledgeSearch; ArticleTable; VisibilityBadges,default; loading; empty; validation; permission; dependency failure; conflict when mutable,"Do not invent a new visual language. Reuse the referenced layout family, design tokens and component catalogue; adapt only content and domain-specific fields.","Desktop + 360px screenshot, keyboard pass, 200% zoom pass, route authorization tests, and visual review against reference."
S29,Support,/support/knowledge/{id},Knowledge article editor,support,references/17-support-ticket.png,prototype/screens/17-support-ticket.html,references/30-mobile-ticket.png,ArticleEditor; Visibility; VersionDiff; Approval,default; loading; empty; validation; permission; dependency failure; conflict when mutable,"Do not invent a new visual language. Reuse the referenced layout family, design tokens and component catalogue; adapt only content and domain-specific fields.","Desktop + 360px screenshot, keyboard pass, 200% zoom pass, route authorization tests, and visual review against reference."
S29,Admin,/support/sla,SLA policy administration,support,references/17-support-ticket.png,prototype/screens/17-support-ticket.html,references/30-mobile-ticket.png,PolicyTable; CalendarPreview; PriorityMatrix; BoundaryTestPanel,default; loading; empty; validation; permission; dependency failure; conflict when mutable,"Do not invent a new visual language. Reuse the referenced layout family, design tokens and component catalogue; adapt only content and domain-specific fields.","Desktop + 360px screenshot, keyboard pass, 200% zoom pass, route authorization tests, and visual review against reference."
S30,Staff,/feedback/surveys,Survey definitions,feedback-list-or-editor,references/18-feedback-recovery.png,prototype/screens/18-feedback-recovery.html,references/27-responsive-data-pattern.png,SurveyTable; PurposeBadges; VersionStatus,default; loading; empty; validation; permission; dependency failure; conflict when mutable,"Do not invent a new visual language. Reuse the referenced layout family, design tokens and component catalogue; adapt only content and domain-specific fields.","Desktop + 360px screenshot, keyboard pass, 200% zoom pass, route authorization tests, and visual review against reference."
S30,Staff,/feedback/surveys/{id},Survey editor,feedback-list-or-editor,references/18-feedback-recovery.png,prototype/screens/18-feedback-recovery.html,references/27-responsive-data-pattern.png,QuestionEditor; ScaleEditor; EligibilityRules; FatigueConfig; Preview,default; loading; empty; validation; permission; dependency failure; conflict when mutable,"Do not invent a new visual language. Reuse the referenced layout family, design tokens and component catalogue; adapt only content and domain-specific fields.","Desktop + 360px screenshot, keyboard pass, 200% zoom pass, route authorization tests, and visual review against reference."
S30,Staff,/feedback/requests,Feedback requests,feedback-list-or-editor,references/18-feedback-recovery.png,prototype/screens/18-feedback-recovery.html,references/27-responsive-data-pattern.png,RequestFilters; DeliveryState; FatigueReason,default; loading; empty; validation; permission; dependency failure; conflict when mutable,"Do not invent a new visual language. Reuse the referenced layout family, design tokens and component catalogue; adapt only content and domain-specific fields.","Desktop + 360px screenshot, keyboard pass, 200% zoom pass, route authorization tests, and visual review against reference."
S30,Staff,/feedback/responses,Feedback responses,feedback-recovery,references/18-feedback-recovery.png,prototype/screens/18-feedback-recovery.html,references/29-mobile-customer.png,ResponseFilters; ScoreBadges; ThemeEvidence; PrivacySuppression,default; loading; empty; validation; permission; dependency failure; conflict when mutable,"Do not invent a new visual language. Reuse the referenced layout family, design tokens and component catalogue; adapt only content and domain-specific fields.","Desktop + 360px screenshot, keyboard pass, 200% zoom pass, route authorization tests, and visual review against reference."
S30,Staff,/feedback/responses/{id},Feedback response detail,feedback-recovery,references/18-feedback-recovery.png,prototype/screens/18-feedback-recovery.html,references/29-mobile-customer.png,ResponseHeader; QuestionAnswers; ThemeReasons; RecoveryPanel,default; loading; empty; validation; permission; dependency failure; conflict when mutable,"Do not invent a new visual language. Reuse the referenced layout family, design tokens and component catalogue; adapt only content and domain-specific fields.","Desktop + 360px screenshot, keyboard pass, 200% zoom pass, route authorization tests, and visual review against reference."
S30,Manager,/feedback/recovery,Recovery queue,feedback-recovery,references/18-feedback-recovery.png,prototype/screens/18-feedback-recovery.html,references/29-mobile-customer.png,RecoveryTable; Severity; HoldState; Aging,default; loading; empty; validation; permission; dependency failure; conflict when mutable,"Do not invent a new visual language. Reuse the referenced layout family, design tokens and component catalogue; adapt only content and domain-specific fields.","Desktop + 360px screenshot, keyboard pass, 200% zoom pass, route authorization tests, and visual review against reference."
S30,Staff,/feedback/recovery/{id},Recovery workspace,feedback-recovery,references/18-feedback-recovery.png,prototype/screens/18-feedback-recovery.html,references/29-mobile-customer.png,RecoveryHeader; Evidence; ActionLog; OutcomeForm; HoldPanel,default; loading; empty; validation; permission; dependency failure; conflict when mutable,"Do not invent a new visual language. Reuse the referenced layout family, design tokens and component catalogue; adapt only content and domain-specific fields.","Desktop + 360px screenshot, keyboard pass, 200% zoom pass, route authorization tests, and visual review against reference."
S31,Success,/success,Customer success portfolio,customer-success,references/19-success-portfolio.png,prototype/screens/19-success-portfolio.html,references/29-mobile-customer.png,PortfolioFilters; HealthChange; RenewalWindow; RiskReasons; DueActions,default; loading; empty; validation; permission; dependency failure; conflict when mutable,"Do not invent a new visual language. Reuse the referenced layout family, design tokens and component catalogue; adapt only content and domain-specific fields.","Desktop + 360px screenshot, keyboard pass, 200% zoom pass, route authorization tests, and visual review against reference."
S31,Success,/success/health,Health overview,customer-success,references/19-success-portfolio.png,prototype/screens/19-success-portfolio.html,references/29-mobile-customer.png,HealthDistribution; ChangeTable; ReasonFilters,default; loading; empty; validation; permission; dependency failure; conflict when mutable,"Do not invent a new visual language. Reuse the referenced layout family, design tokens and component catalogue; adapt only content and domain-specific fields.","Desktop + 360px screenshot, keyboard pass, 200% zoom pass, route authorization tests, and visual review against reference."
S31,Success,/success/plans,Success plans,customer-success,references/19-success-portfolio.png,prototype/screens/19-success-portfolio.html,references/29-mobile-customer.png,PlanTable; ReviewDate; OutcomeState,default; loading; empty; validation; permission; dependency failure; conflict when mutable,"Do not invent a new visual language. Reuse the referenced layout family, design tokens and component catalogue; adapt only content and domain-specific fields.","Desktop + 360px screenshot, keyboard pass, 200% zoom pass, route authorization tests, and visual review against reference."
S31,Success,/success/plans/{id},Success plan workspace,customer-success,references/19-success-portfolio.png,prototype/screens/19-success-portfolio.html,references/29-mobile-customer.png,PlanHeader; OutcomeMilestones; Actions; Evidence; ReviewHistory,default; loading; empty; validation; permission; dependency failure; conflict when mutable,"Do not invent a new visual language. Reuse the referenced layout family, design tokens and component catalogue; adapt only content and domain-specific fields.","Desktop + 360px screenshot, keyboard pass, 200% zoom pass, route authorization tests, and visual review against reference."
S31,Success,/success/renewals,Renewal portfolio,customer-success,references/19-success-portfolio.png,prototype/screens/19-success-portfolio.html,references/29-mobile-customer.png,RenewalTable; MilestoneBadges; RiskBranch; ValueSummary,default; loading; empty; validation; permission; dependency failure; conflict when mutable,"Do not invent a new visual language. Reuse the referenced layout family, design tokens and component catalogue; adapt only content and domain-specific fields.","Desktop + 360px screenshot, keyboard pass, 200% zoom pass, route authorization tests, and visual review against reference."
S31,Success,/success/renewals/{id},Renewal workspace,customer-success,references/19-success-portfolio.png,prototype/screens/19-success-portfolio.html,references/29-mobile-customer.png,RenewalHeader; EvidenceChecklist; Timeline; DecisionForm,default; loading; empty; validation; permission; dependency failure; conflict when mutable,"Do not invent a new visual language. Reuse the referenced layout family, design tokens and component catalogue; adapt only content and domain-specific fields.","Desktop + 360px screenshot, keyboard pass, 200% zoom pass, route authorization tests, and visual review against reference."
S31,Success,/success/churn,Churn and win-back,customer-success,references/19-success-portfolio.png,prototype/screens/19-success-portfolio.html,references/29-mobile-customer.png,ChurnTable; ReasonDistribution; EligibilityBadges,default; loading; empty; validation; permission; dependency failure; conflict when mutable,"Do not invent a new visual language. Reuse the referenced layout family, design tokens and component catalogue; adapt only content and domain-specific fields.","Desktop + 360px screenshot, keyboard pass, 200% zoom pass, route authorization tests, and visual review against reference."
S31,Success,/success/advocacy,Advocacy suggestions,customer-success,references/19-success-portfolio.png,prototype/screens/19-success-portfolio.html,references/29-mobile-customer.png,SuggestionTable; EvidenceReasons; FatigueState,default; loading; empty; validation; permission; dependency failure; conflict when mutable,"Do not invent a new visual language. Reuse the referenced layout family, design tokens and component catalogue; adapt only content and domain-specific fields.","Desktop + 360px screenshot, keyboard pass, 200% zoom pass, route authorization tests, and visual review against reference."
S35,Staff,/intelligence/predictions,Recommendations,intelligence,references/20-ai-prediction.png,prototype/screens/20-ai-prediction.html,references/29-mobile-customer.png,PredictionFilters; ExplanationCards; AbstainBadges,default; loading; empty; validation; permission; dependency failure; conflict when mutable,"Do not invent a new visual language. Reuse the referenced layout family, design tokens and component catalogue; adapt only content and domain-specific fields.","Desktop + 360px screenshot, keyboard pass, 200% zoom pass, route authorization tests, and visual review against reference."
S35,Staff,/intelligence/predictions/{id},Prediction explanation,intelligence,references/20-ai-prediction.png,prototype/screens/20-ai-prediction.html,references/29-mobile-customer.png,PredictionHeader; ReasonList; EvidenceLinks; MissingFeatures; FeedbackForm,default; loading; empty; validation; permission; dependency failure; conflict when mutable,"Do not invent a new visual language. Reuse the referenced layout family, design tokens and component catalogue; adapt only content and domain-specific fields.","Desktop + 360px screenshot, keyboard pass, 200% zoom pass, route authorization tests, and visual review against reference."
S35,Admin,/intelligence/models,Model registry,intelligence,references/20-ai-prediction.png,prototype/screens/20-ai-prediction.html,references/29-mobile-customer.png,ModelTable; TierBadges; ReviewWarnings,default; loading; empty; validation; permission; dependency failure; conflict when mutable,"Do not invent a new visual language. Reuse the referenced layout family, design tokens and component catalogue; adapt only content and domain-specific fields.","Desktop + 360px screenshot, keyboard pass, 200% zoom pass, route authorization tests, and visual review against reference."
S35,Admin,/intelligence/models/{id},Model card and versions,intelligence,references/20-ai-prediction.png,prototype/screens/20-ai-prediction.html,references/29-mobile-customer.png,ModelCard; VersionList; EvaluationCharts; ArtifactHash; PromotionPanel,default; loading; empty; validation; permission; dependency failure; conflict when mutable,"Do not invent a new visual language. Reuse the referenced layout family, design tokens and component catalogue; adapt only content and domain-specific fields.","Desktop + 360px screenshot, keyboard pass, 200% zoom pass, route authorization tests, and visual review against reference."
S35,Admin,/intelligence/training,Training runs,intelligence,references/20-ai-prediction.png,prototype/screens/20-ai-prediction.html,references/29-mobile-customer.png,TrainingTable; DatasetWindow; Checkpoints; Metrics,default; loading; empty; validation; permission; dependency failure; conflict when mutable,"Do not invent a new visual language. Reuse the referenced layout family, design tokens and component catalogue; adapt only content and domain-specific fields.","Desktop + 360px screenshot, keyboard pass, 200% zoom pass, route authorization tests, and visual review against reference."
S35,Admin,/intelligence/drift,Model monitoring,intelligence,references/20-ai-prediction.png,prototype/screens/20-ai-prediction.html,references/29-mobile-customer.png,DriftCharts; Thresholds; SegmentTable; IncidentLinks,default; loading; empty; validation; permission; dependency failure; conflict when mutable,"Do not invent a new visual language. Reuse the referenced layout family, design tokens and component catalogue; adapt only content and domain-specific fields.","Desktop + 360px screenshot, keyboard pass, 200% zoom pass, route authorization tests, and visual review against reference."
S33,Staff,/reports,Reports home,reporting,references/21-reports-dashboard.png,prototype/screens/21-reports-dashboard.html,references/27-responsive-data-pattern.png,ReportFilters; MetricDefinitionLink; KPIBlocks; AccessibleChart; DrilldownTable; ExportButton,default; loading; empty; validation; permission; dependency failure; conflict when mutable,"Do not invent a new visual language. Reuse the referenced layout family, design tokens and component catalogue; adapt only content and domain-specific fields.","Desktop + 360px screenshot, keyboard pass, 200% zoom pass, route authorization tests, and visual review against reference."
S33,Staff,/reports/sales,Sales reporting,reporting,references/21-reports-dashboard.png,prototype/screens/21-reports-dashboard.html,references/27-responsive-data-pattern.png,ReportFilters; MetricDefinitionLink; KPIBlocks; AccessibleChart; DrilldownTable; ExportButton,default; loading; empty; validation; permission; dependency failure; conflict when mutable,"Do not invent a new visual language. Reuse the referenced layout family, design tokens and component catalogue; adapt only content and domain-specific fields.","Desktop + 360px screenshot, keyboard pass, 200% zoom pass, route authorization tests, and visual review against reference."
S33,Staff,/reports/support,Support reporting,reporting,references/21-reports-dashboard.png,prototype/screens/21-reports-dashboard.html,references/27-responsive-data-pattern.png,ReportFilters; MetricDefinitionLink; KPIBlocks; AccessibleChart; DrilldownTable; ExportButton,default; loading; empty; validation; permission; dependency failure; conflict when mutable,"Do not invent a new visual language. Reuse the referenced layout family, design tokens and component catalogue; adapt only content and domain-specific fields.","Desktop + 360px screenshot, keyboard pass, 200% zoom pass, route authorization tests, and visual review against reference."
S33,Staff,/reports/onboarding,Onboarding reporting,reporting,references/21-reports-dashboard.png,prototype/screens/21-reports-dashboard.html,references/27-responsive-data-pattern.png,ReportFilters; MetricDefinitionLink; KPIBlocks; AccessibleChart; DrilldownTable; ExportButton,default; loading; empty; validation; permission; dependency failure; conflict when mutable,"Do not invent a new visual language. Reuse the referenced layout family, design tokens and component catalogue; adapt only content and domain-specific fields.","Desktop + 360px screenshot, keyboard pass, 200% zoom pass, route authorization tests, and visual review against reference."
S33,Staff,/reports/success,Success reporting,reporting,references/21-reports-dashboard.png,prototype/screens/21-reports-dashboard.html,references/27-responsive-data-pattern.png,ReportFilters; MetricDefinitionLink; KPIBlocks; AccessibleChart; DrilldownTable; ExportButton,default; loading; empty; validation; permission; dependency failure; conflict when mutable,"Do not invent a new visual language. Reuse the referenced layout family, design tokens and component catalogue; adapt only content and domain-specific fields.","Desktop + 360px screenshot, keyboard pass, 200% zoom pass, route authorization tests, and visual review against reference."
S33,Staff,/reports/feedback,Feedback reporting,reporting,references/21-reports-dashboard.png,prototype/screens/21-reports-dashboard.html,references/27-responsive-data-pattern.png,ReportFilters; MetricDefinitionLink; KPIBlocks; AccessibleChart; DrilldownTable; ExportButton,default; loading; empty; validation; permission; dependency failure; conflict when mutable,"Do not invent a new visual language. Reuse the referenced layout family, design tokens and component catalogue; adapt only content and domain-specific fields.","Desktop + 360px screenshot, keyboard pass, 200% zoom pass, route authorization tests, and visual review against reference."
S33,Staff,/reports/automation,Automation reporting,reporting,references/21-reports-dashboard.png,prototype/screens/21-reports-dashboard.html,references/27-responsive-data-pattern.png,ReportFilters; MetricDefinitionLink; KPIBlocks; AccessibleChart; DrilldownTable; ExportButton,default; loading; empty; validation; permission; dependency failure; conflict when mutable,"Do not invent a new visual language. Reuse the referenced layout family, design tokens and component catalogue; adapt only content and domain-specific fields.","Desktop + 360px screenshot, keyboard pass, 200% zoom pass, route authorization tests, and visual review against reference."
S33,Staff,/reports/data-quality,Data-quality reporting,reporting,references/21-reports-dashboard.png,prototype/screens/21-reports-dashboard.html,references/27-responsive-data-pattern.png,ReportFilters; MetricDefinitionLink; KPIBlocks; AccessibleChart; DrilldownTable; ExportButton,default; loading; empty; validation; permission; dependency failure; conflict when mutable,"Do not invent a new visual language. Reuse the referenced layout family, design tokens and component catalogue; adapt only content and domain-specific fields.","Desktop + 360px screenshot, keyboard pass, 200% zoom pass, route authorization tests, and visual review against reference."
S33,Staff,/reports/system-health,System-health reporting,reporting,references/21-reports-dashboard.png,prototype/screens/21-reports-dashboard.html,references/27-responsive-data-pattern.png,ReportFilters; MetricDefinitionLink; KPIBlocks; AccessibleChart; DrilldownTable; ExportButton,default; loading; empty; validation; permission; dependency failure; conflict when mutable,"Do not invent a new visual language. Reuse the referenced layout family, design tokens and component catalogue; adapt only content and domain-specific fields.","Desktop + 360px screenshot, keyboard pass, 200% zoom pass, route authorization tests, and visual review against reference."
S34,Operations,/data/imports,Import batches,data-operations,references/21-reports-dashboard.png,prototype/screens/21-reports-dashboard.html,references/27-responsive-data-pattern.png,ImportTable; Upload; MappingEditor; ValidationSummary; DuplicatePreview; Progress,default; loading; empty; validation; permission; dependency failure; conflict when mutable,"Do not invent a new visual language. Reuse the referenced layout family, design tokens and component catalogue; adapt only content and domain-specific fields.","Desktop + 360px screenshot, keyboard pass, 200% zoom pass, route authorization tests, and visual review against reference."
S33,Staff,/data/exports,Export jobs,reporting,references/21-reports-dashboard.png,prototype/screens/21-reports-dashboard.html,references/27-responsive-data-pattern.png,ExportTable; DatasetPicker; FieldPolicyPreview; StepUp; Progress,default; loading; empty; validation; permission; dependency failure; conflict when mutable,"Do not invent a new visual language. Reuse the referenced layout family, design tokens and component catalogue; adapt only content and domain-specific fields.","Desktop + 360px screenshot, keyboard pass, 200% zoom pass, route authorization tests, and visual review against reference."
S09,Admin,/admin/users,Users and invitations,identity-admin,references/22-admin-users.png,prototype/screens/22-admin-users.html,references/27-responsive-data-pattern.png,AdminHeader; FilterTable; VersionDiff; EvidenceDrawer; ApprovalDialog; AuditTrail,default; loading; empty; validation; permission; dependency failure; conflict when mutable,"Do not invent a new visual language. Reuse the referenced layout family, design tokens and component catalogue; adapt only content and domain-specific fields.","Desktop + 360px screenshot, keyboard pass, 200% zoom pass, route authorization tests, and visual review against reference."
S09,Admin,/admin/roles,Roles and grants,identity-admin,references/22-admin-users.png,prototype/screens/22-admin-users.html,references/27-responsive-data-pattern.png,AdminHeader; FilterTable; VersionDiff; EvidenceDrawer; ApprovalDialog; AuditTrail,default; loading; empty; validation; permission; dependency failure; conflict when mutable,"Do not invent a new visual language. Reuse the referenced layout family, design tokens and component catalogue; adapt only content and domain-specific fields.","Desktop + 360px screenshot, keyboard pass, 200% zoom pass, route authorization tests, and visual review against reference."
S09,Admin,/admin/teams,"Teams, queues and delegation",identity-admin,references/22-admin-users.png,prototype/screens/22-admin-users.html,references/27-responsive-data-pattern.png,AdminHeader; FilterTable; VersionDiff; EvidenceDrawer; ApprovalDialog; AuditTrail,default; loading; empty; validation; permission; dependency failure; conflict when mutable,"Do not invent a new visual language. Reuse the referenced layout family, design tokens and component catalogue; adapt only content and domain-specific fields.","Desktop + 360px screenshot, keyboard pass, 200% zoom pass, route authorization tests, and visual review against reference."
S12,Admin,/admin/configuration,Configuration versions,governed-admin,references/22-admin-users.png,prototype/screens/22-admin-users.html,references/27-responsive-data-pattern.png,AdminHeader; FilterTable; VersionDiff; EvidenceDrawer; ApprovalDialog; AuditTrail,default; loading; empty; validation; permission; dependency failure; conflict when mutable,"Do not invent a new visual language. Reuse the referenced layout family, design tokens and component catalogue; adapt only content and domain-specific fields.","Desktop + 360px screenshot, keyboard pass, 200% zoom pass, route authorization tests, and visual review against reference."
S12,Admin,/admin/policies,Business and policy settings,governed-admin,references/22-admin-users.png,prototype/screens/22-admin-users.html,references/27-responsive-data-pattern.png,AdminHeader; FilterTable; VersionDiff; EvidenceDrawer; ApprovalDialog; AuditTrail,default; loading; empty; validation; permission; dependency failure; conflict when mutable,"Do not invent a new visual language. Reuse the referenced layout family, design tokens and component catalogue; adapt only content and domain-specific fields.","Desktop + 360px screenshot, keyboard pass, 200% zoom pass, route authorization tests, and visual review against reference."
S12,Admin,/admin/custom-fields,Custom fields,governed-admin,references/22-admin-users.png,prototype/screens/22-admin-users.html,references/27-responsive-data-pattern.png,AdminHeader; FilterTable; VersionDiff; EvidenceDrawer; ApprovalDialog; AuditTrail,default; loading; empty; validation; permission; dependency failure; conflict when mutable,"Do not invent a new visual language. Reuse the referenced layout family, design tokens and component catalogue; adapt only content and domain-specific fields.","Desktop + 360px screenshot, keyboard pass, 200% zoom pass, route authorization tests, and visual review against reference."
S12,Admin,/admin/tags,Governed tags,governed-admin,references/22-admin-users.png,prototype/screens/22-admin-users.html,references/27-responsive-data-pattern.png,AdminHeader; FilterTable; VersionDiff; EvidenceDrawer; ApprovalDialog; AuditTrail,default; loading; empty; validation; permission; dependency failure; conflict when mutable,"Do not invent a new visual language. Reuse the referenced layout family, design tokens and component catalogue; adapt only content and domain-specific fields.","Desktop + 360px screenshot, keyboard pass, 200% zoom pass, route authorization tests, and visual review against reference."
S34,Admin,/admin/privacy,Privacy cases,governed-admin,references/22-admin-users.png,prototype/screens/22-admin-users.html,references/27-responsive-data-pattern.png,AdminHeader; FilterTable; VersionDiff; EvidenceDrawer; ApprovalDialog; AuditTrail,default; loading; empty; validation; permission; dependency failure; conflict when mutable,"Do not invent a new visual language. Reuse the referenced layout family, design tokens and component catalogue; adapt only content and domain-specific fields.","Desktop + 360px screenshot, keyboard pass, 200% zoom pass, route authorization tests, and visual review against reference."
S34,Admin,/admin/legal-holds,Legal holds,governed-admin,references/22-admin-users.png,prototype/screens/22-admin-users.html,references/27-responsive-data-pattern.png,AdminHeader; FilterTable; VersionDiff; EvidenceDrawer; ApprovalDialog; AuditTrail,default; loading; empty; validation; permission; dependency failure; conflict when mutable,"Do not invent a new visual language. Reuse the referenced layout family, design tokens and component catalogue; adapt only content and domain-specific fields.","Desktop + 360px screenshot, keyboard pass, 200% zoom pass, route authorization tests, and visual review against reference."
S34,Admin,/admin/retention,Retention and archives,governed-admin,references/22-admin-users.png,prototype/screens/22-admin-users.html,references/27-responsive-data-pattern.png,AdminHeader; FilterTable; VersionDiff; EvidenceDrawer; ApprovalDialog; AuditTrail,default; loading; empty; validation; permission; dependency failure; conflict when mutable,"Do not invent a new visual language. Reuse the referenced layout family, design tokens and component catalogue; adapt only content and domain-specific fields.","Desktop + 360px screenshot, keyboard pass, 200% zoom pass, route authorization tests, and visual review against reference."
S10,Admin,/admin/audit,Audit evidence,governed-admin,references/22-admin-users.png,prototype/screens/22-admin-users.html,references/27-responsive-data-pattern.png,AdminHeader; FilterTable; VersionDiff; EvidenceDrawer; ApprovalDialog; AuditTrail,default; loading; empty; validation; permission; dependency failure; conflict when mutable,"Do not invent a new visual language. Reuse the referenced layout family, design tokens and component catalogue; adapt only content and domain-specific fields.","Desktop + 360px screenshot, keyboard pass, 200% zoom pass, route authorization tests, and visual review against reference."
S42,Admin,/admin/releases,Releases and maintenance,operations-admin,references/23-system-health.png,prototype/screens/23-system-health.html,references/27-responsive-data-pattern.png,AdminHeader; FilterTable; VersionDiff; EvidenceDrawer; ApprovalDialog; AuditTrail,default; loading; empty; validation; permission; dependency failure; conflict when mutable,"Do not invent a new visual language. Reuse the referenced layout family, design tokens and component catalogue; adapt only content and domain-specific fields.","Desktop + 360px screenshot, keyboard pass, 200% zoom pass, route authorization tests, and visual review against reference."
S37,Admin,/admin/backups,Backups and restore drills,operations-admin,references/23-system-health.png,prototype/screens/23-system-health.html,references/27-responsive-data-pattern.png,AdminHeader; FilterTable; VersionDiff; EvidenceDrawer; ApprovalDialog; AuditTrail,default; loading; empty; validation; permission; dependency failure; conflict when mutable,"Do not invent a new visual language. Reuse the referenced layout family, design tokens and component catalogue; adapt only content and domain-specific fields.","Desktop + 360px screenshot, keyboard pass, 200% zoom pass, route authorization tests, and visual review against reference."
S36,Admin,/admin/health,Operations health,operations-admin,references/23-system-health.png,prototype/screens/23-system-health.html,references/27-responsive-data-pattern.png,AdminHeader; FilterTable; VersionDiff; EvidenceDrawer; ApprovalDialog; AuditTrail,default; loading; empty; validation; permission; dependency failure; conflict when mutable,"Do not invent a new visual language. Reuse the referenced layout family, design tokens and component catalogue; adapt only content and domain-specific fields.","Desktop + 360px screenshot, keyboard pass, 200% zoom pass, route authorization tests, and visual review against reference."
S36,Admin,/admin/incidents,System incidents,operations-admin,references/23-system-health.png,prototype/screens/23-system-health.html,references/27-responsive-data-pattern.png,AdminHeader; FilterTable; VersionDiff; EvidenceDrawer; ApprovalDialog; AuditTrail,default; loading; empty; validation; permission; dependency failure; conflict when mutable,"Do not invent a new visual language. Reuse the referenced layout family, design tokens and component catalogue; adapt only content and domain-specific fields.","Desktop + 360px screenshot, keyboard pass, 200% zoom pass, route authorization tests, and visual review against reference."
S32,Portal,/portal,Portal home,portal,references/24-portal-home.png,prototype/screens/24-portal-home.html,references/31-mobile-portal.png,PortalShell; TaskCards; TicketSummary; PlainStatus,default; loading; empty; validation; permission; dependency failure; conflict when mutable,"Do not invent a new visual language. Reuse the referenced layout family, design tokens and component catalogue; adapt only content and domain-specific fields.","Desktop + 360px screenshot, keyboard pass, 200% zoom pass, route authorization tests, and visual review against reference."
S32,Portal,/portal/onboarding,Portal onboarding,portal,references/24-portal-home.png,prototype/screens/24-portal-home.html,references/31-mobile-portal.png,CaseCards; Progress; RequestList,default; loading; empty; validation; permission; dependency failure; conflict when mutable,"Do not invent a new visual language. Reuse the referenced layout family, design tokens and component catalogue; adapt only content and domain-specific fields.","Desktop + 360px screenshot, keyboard pass, 200% zoom pass, route authorization tests, and visual review against reference."
S32,Portal,/portal/onboarding/{id},Portal onboarding detail,portal,references/24-portal-home.png,prototype/screens/24-portal-home.html,references/31-mobile-portal.png,Progress; RequestForms; SafeFileUpload; CustomerVisibleTimeline,default; loading; empty; validation; permission; dependency failure; conflict when mutable,"Do not invent a new visual language. Reuse the referenced layout family, design tokens and component catalogue; adapt only content and domain-specific fields.","Desktop + 360px screenshot, keyboard pass, 200% zoom pass, route authorization tests, and visual review against reference."
S32,Portal,/portal/tickets,Portal tickets,portal,references/24-portal-home.png,prototype/screens/24-portal-home.html,references/31-mobile-portal.png,TicketList; CreateTicketForm; StatusLabels,default; loading; empty; validation; permission; dependency failure; conflict when mutable,"Do not invent a new visual language. Reuse the referenced layout family, design tokens and component catalogue; adapt only content and domain-specific fields.","Desktop + 360px screenshot, keyboard pass, 200% zoom pass, route authorization tests, and visual review against reference."
S32,Portal,/portal/tickets/{id},Portal ticket detail,portal,references/24-portal-home.png,prototype/screens/24-portal-home.html,references/31-mobile-portal.png,TicketHeader; CustomerConversation; ReplyForm; SafeFileUpload,default; loading; empty; validation; permission; dependency failure; conflict when mutable,"Do not invent a new visual language. Reuse the referenced layout family, design tokens and component catalogue; adapt only content and domain-specific fields.","Desktop + 360px screenshot, keyboard pass, 200% zoom pass, route authorization tests, and visual review against reference."
S32,Portal,/portal/files,Portal files,portal,references/24-portal-home.png,prototype/screens/24-portal-home.html,references/31-mobile-portal.png,FileList; ClassificationHelp; DownloadAction,default; loading; empty; validation; permission; dependency failure; conflict when mutable,"Do not invent a new visual language. Reuse the referenced layout family, design tokens and component catalogue; adapt only content and domain-specific fields.","Desktop + 360px screenshot, keyboard pass, 200% zoom pass, route authorization tests, and visual review against reference."
S32,Portal,/portal/feedback,Portal feedback,portal,references/24-portal-home.png,prototype/screens/24-portal-home.html,references/31-mobile-portal.png,SurveyCards; AccessibleSurveyForm,default; loading; empty; validation; permission; dependency failure; conflict when mutable,"Do not invent a new visual language. Reuse the referenced layout family, design tokens and component catalogue; adapt only content and domain-specific fields.","Desktop + 360px screenshot, keyboard pass, 200% zoom pass, route authorization tests, and visual review against reference."
S32,Portal,/portal/preferences,Portal preferences,portal,references/24-portal-home.png,prototype/screens/24-portal-home.html,references/31-mobile-portal.png,ProfileForm; PreferenceMatrix; EvidenceNotice,default; loading; empty; validation; permission; dependency failure; conflict when mutable,"Do not invent a new visual language. Reuse the referenced layout family, design tokens and component catalogue; adapt only content and domain-specific fields.","Desktop + 360px screenshot, keyboard pass, 200% zoom pass, route authorization tests, and visual review against reference."
S32,Public,/public/lead,Public lead form,public-form,references/25-public-lead-form.png,prototype/screens/25-public-lead-form.html,references/25-public-lead-form.png,LeadForm; Honeypot; TimingToken; PrivacyNotice; NeutralSuccess,default; loading; empty; validation; permission; dependency failure; conflict when mutable,"Do not invent a new visual language. Reuse the referenced layout family, design tokens and component catalogue; adapt only content and domain-specific fields.","Desktop + 360px screenshot, keyboard pass, 200% zoom pass, route authorization tests, and visual review against reference."
S32,Public,/public/support,Public support form,signed-public-flow,references/25-public-lead-form.png,prototype/screens/25-public-lead-form.html,references/25-public-lead-form.png,SupportForm; ImpactUrgency; SafeUpload; PrivacyNotice,default; loading; empty; validation; permission; dependency failure; conflict when mutable,"Do not invent a new visual language. Reuse the referenced layout family, design tokens and component catalogue; adapt only content and domain-specific fields.","Desktop + 360px screenshot, keyboard pass, 200% zoom pass, route authorization tests, and visual review against reference."
S32,Public,/public/feedback/{token},Signed feedback,signed-public-flow,references/25-public-lead-form.png,prototype/screens/25-public-lead-form.html,references/25-public-lead-form.png,TokenState; AccessibleSurvey; Confirmation,default; loading; empty; validation; permission; dependency failure; conflict when mutable,"Do not invent a new visual language. Reuse the referenced layout family, design tokens and component catalogue; adapt only content and domain-specific fields.","Desktop + 360px screenshot, keyboard pass, 200% zoom pass, route authorization tests, and visual review against reference."
S32,Public,/public/preferences/{token},Signed preference center,signed-public-flow,references/25-public-lead-form.png,prototype/screens/25-public-lead-form.html,references/25-public-lead-form.png,TokenState; PreferenceMatrix; Confirmation,default; loading; empty; validation; permission; dependency failure; conflict when mutable,"Do not invent a new visual language. Reuse the referenced layout family, design tokens and component catalogue; adapt only content and domain-specific fields.","Desktop + 360px screenshot, keyboard pass, 200% zoom pass, route authorization tests, and visual review against reference."
S32,Public,/public/quote/{token},Signed quote view,signed-public-flow,references/25-public-lead-form.png,prototype/screens/25-public-lead-form.html,references/25-public-lead-form.png,QuoteSnapshot; SafeDownload; Expiry; ResponseForm,default; loading; empty; validation; permission; dependency failure; conflict when mutable,"Do not invent a new visual language. Reuse the referenced layout family, design tokens and component catalogue; adapt only content and domain-specific fields.","Desktop + 360px screenshot, keyboard pass, 200% zoom pass, route authorization tests, and visual review against reference."
S03,All,/errors/{status},Branded errors,system-state,references/26-ui-states-board.png,prototype/screens/26-ui-states-board.html,references/26-ui-states-board.png,ErrorTitle; CorrelationId; SafeActions,default; loading; empty; validation; permission; dependency failure; conflict when mutable,"Do not invent a new visual language. Reuse the referenced layout family, design tokens and component catalogue; adapt only content and domain-specific fields.","Desktop + 360px screenshot, keyboard pass, 200% zoom pass, route authorization tests, and visual review against reference."
