build_step,requirement_id,group,owner,module,acceptance_method,requirement,acceptance_evidence_required,s00_evidence_target,implementation_gate,source_register_status,s00_status
S00,UX-01,UX,Oghenemaro,frontend_experience_governance,Information architecture and accessibility content review,"A universal search shall find organizations, contacts, leads, opportunities, tickets, onboarding cases and message subjects using normalized indexed fields.",Results are permission-filtered before display; no cross-scope count leakage.,docs/test-evidence/s00-freeze-product-policy-and-company-configuration/review-evidence.md,Later build step implementation must preserve this S00 baseline and add executable tests before VERIFIED.,Not started,Mapped for S00 governance baseline
S00,UX-02,UX,Oghenemaro,frontend_experience_governance,Information architecture and accessibility content review,"Every operational detail page shall show status, owner, next action, due time, key risk/score and recent history above the fold.",A user can identify accountable person and immediate next step without changing tabs.,docs/test-evidence/s00-freeze-product-policy-and-company-configuration/review-evidence.md,Later build step implementation must preserve this S00 baseline and add executable tests before VERIFIED.,Not started,Mapped for S00 governance baseline
S00,UX-03,UX,Oghenemaro,frontend_experience_governance,Information architecture and accessibility content review,"The customer 360 timeline shall use a normalized event model with filters for messages, calls, notes, tasks, stage changes, support, onboarding, feedback, files and automation.","Events remain chronological, attributable and deep-linkable.",docs/test-evidence/s00-freeze-product-policy-and-company-configuration/review-evidence.md,Later build step implementation must preserve this S00 baseline and add executable tests before VERIFIED.,Not started,Mapped for S00 governance baseline
S00,UX-04,UX,Oghenemaro,frontend_experience_governance,Information architecture and accessibility content review,Mutating forms shall preserve entered values and show field-level errors; destructive actions require clear impact text.,No validation failure discards valid user input.,docs/test-evidence/s00-freeze-product-policy-and-company-configuration/review-evidence.md,Later build step implementation must preserve this S00 baseline and add executable tests before VERIFIED.,Not started,Mapped for S00 governance baseline
S00,UX-05,UX,Oghenemaro,frontend_experience_governance,Information architecture and accessibility content review,Long operations shall be queued and represented by a job status page; the initiating request shall return promptly.,"No export, archive, import, bulk recalculation or mail batch blocks an HTTP request.",docs/test-evidence/s00-freeze-product-policy-and-company-configuration/review-evidence.md,Later build step implementation must preserve this S00 baseline and add executable tests before VERIFIED.,Not started,Mapped for S00 governance baseline
S00,UX-06,UX,Oghenemaro,frontend_experience_governance,Information architecture and accessibility content review,"List views shall provide saved filters, column choice, pagination, bulk selection limits and export according to permission.","A saved view records owner, visibility and versioned filter definition.",docs/test-evidence/s00-freeze-product-policy-and-company-configuration/review-evidence.md,Later build step implementation must preserve this S00 baseline and add executable tests before VERIFIED.,Not started,Mapped for S00 governance baseline
S00,UX-07,UX,Oghenemaro,frontend_experience_governance,Information architecture and accessibility content review,"Mobile layouts shall prioritize task completion, customer context, call/email actions and timeline entry.",Core daily workflows pass responsive testing at 360 CSS pixels.,docs/test-evidence/s00-freeze-product-policy-and-company-configuration/review-evidence.md,Later build step implementation must preserve this S00 baseline and add executable tests before VERIFIED.,Not started,Mapped for S00 governance baseline
S00,UX-08,UX,Oghenemaro,frontend_experience_governance,Information architecture and accessibility content review,All status colors shall be paired with text/icon meaning and meet accessible contrast.,No state is communicated by color alone.,docs/test-evidence/s00-freeze-product-policy-and-company-configuration/review-evidence.md,Later build step implementation must preserve this S00 baseline and add executable tests before VERIFIED.,Not started,Mapped for S00 governance baseline
S00,UX-09,UX,Oghenemaro,frontend_experience_governance,Information architecture and accessibility content review,Optimistic-lock conflicts shall show what changed and allow safe refresh/reapply.,One user cannot silently overwrite another user’s newer edit.,docs/test-evidence/s00-freeze-product-policy-and-company-configuration/review-evidence.md,Later build step implementation must preserve this S00 baseline and add executable tests before VERIFIED.,Not started,Mapped for S00 governance baseline
S00,UX-10,UX,Oghenemaro,frontend_experience_governance,Information architecture and accessibility content review,"The UI shall distinguish internal notes, customer-visible messages and portal-visible files with persistent labels.",A visibility mistake requires explicit user override and is audit logged.,docs/test-evidence/s00-freeze-product-policy-and-company-configuration/review-evidence.md,Later build step implementation must preserve this S00 baseline and add executable tests before VERIFIED.,Not started,Mapped for S00 governance baseline
S00,UX-11,UX,Oghenemaro,frontend_experience_governance,Information architecture and accessibility content review,"Administrative configuration shall show effective version, activation time, dependency impact and rollback option.",A configuration change cannot be mistaken for immediate retroactive effect.,docs/test-evidence/s00-freeze-product-policy-and-company-configuration/review-evidence.md,Later build step implementation must preserve this S00 baseline and add executable tests before VERIFIED.,Not started,Mapped for S00 governance baseline
S00,UX-12,UX,Oghenemaro,frontend_experience_governance,Information architecture and accessibility content review,"Keyboard navigation, visible focus, labels, error summaries and semantic headings shall meet WCAG 2.2 AA for applicable screens.",Automated and manual accessibility tests pass release thresholds.,docs/test-evidence/s00-freeze-product-policy-and-company-configuration/review-evidence.md,Later build step implementation must preserve this S00 baseline and add executable tests before VERIFIED.,Not started,Mapped for S00 governance baseline
S00,STM-01,STM,Oghenemaro,state_machine_governance,State-transition walkthrough and invariant review,"Each state machine shall define allowed transitions, required fields, required permission, entry action, exit action and SLA.",Invalid transitions are rejected server-side with an actionable explanation.,docs/test-evidence/s00-freeze-product-policy-and-company-configuration/review-evidence.md,Later build step implementation must preserve this S00 baseline and add executable tests before VERIFIED.,Not started,Mapped for S00 governance baseline
S00,STM-02,STM,Oghenemaro,state_machine_governance,State-transition walkthrough and invariant review,"Stage histories shall be append-only and store effective time, actor, reason and prior/new value.",Reports can calculate velocity and reconstruct state at a historical date.,docs/test-evidence/s00-freeze-product-policy-and-company-configuration/review-evidence.md,Later build step implementation must preserve this S00 baseline and add executable tests before VERIFIED.,Not started,Mapped for S00 governance baseline
S00,STM-03,STM,Oghenemaro,state_machine_governance,State-transition walkthrough and invariant review,Configuration changes shall create a new version and shall not reinterpret prior history.,Historical records retain the stage/version valid at the event time.,docs/test-evidence/s00-freeze-product-policy-and-company-configuration/review-evidence.md,Later build step implementation must preserve this S00 baseline and add executable tests before VERIFIED.,Not started,Mapped for S00 governance baseline
S00,STM-04,STM,Oghenemaro,state_machine_governance,State-transition walkthrough and invariant review,An active lifecycle record shall require an owner and next action except where a documented waiting state supplies a wake-up date.,Nightly integrity checks create exceptions for violations.,docs/test-evidence/s00-freeze-product-policy-and-company-configuration/review-evidence.md,Later build step implementation must preserve this S00 baseline and add executable tests before VERIFIED.,Not started,Mapped for S00 governance baseline
S00,STM-05,STM,Oghenemaro,state_machine_governance,State-transition walkthrough and invariant review,Waiting-for-customer states shall pause only the applicable SLA clock and shall preserve total elapsed time.,"SLA reports distinguish company time, customer-wait time and total elapsed time.",docs/test-evidence/s00-freeze-product-policy-and-company-configuration/review-evidence.md,Later build step implementation must preserve this S00 baseline and add executable tests before VERIFIED.,Not started,Mapped for S00 governance baseline
S00,STM-06,STM,Oghenemaro,state_machine_governance,State-transition walkthrough and invariant review,Terminal states shall require an outcome reason and may trigger retention/feedback/hand-off workflows.,A record cannot close without configured outcome data.,docs/test-evidence/s00-freeze-product-policy-and-company-configuration/review-evidence.md,Later build step implementation must preserve this S00 baseline and add executable tests before VERIFIED.,Not started,Mapped for S00 governance baseline
S00,STM-07,STM,Oghenemaro,state_machine_governance,State-transition walkthrough and invariant review,Reopening shall retain the prior terminal event and create a new active interval.,Reopened support and commercial records remain analytically distinct.,docs/test-evidence/s00-freeze-product-policy-and-company-configuration/review-evidence.md,Later build step implementation must preserve this S00 baseline and add executable tests before VERIFIED.,Not started,Mapped for S00 governance baseline
S00,STM-08,STM,Oghenemaro,state_machine_governance,State-transition walkthrough and invariant review,"Automations shall evaluate the committed transition event, not uncommitted form input.",No workflow is triggered when the database transaction rolls back.,docs/test-evidence/s00-freeze-product-policy-and-company-configuration/review-evidence.md,Later build step implementation must preserve this S00 baseline and add executable tests before VERIFIED.,Not started,Mapped for S00 governance baseline
S00,CFG-001,CFG,Oghenemaro,configuration_governance,Configuration decision register review,"Company configuration shall include legal/display name, timezone, locale, currencies, business hours, holidays and contact details.",Historical SLA/financial reports retain original basis.,docs/test-evidence/s00-freeze-product-policy-and-company-configuration/review-evidence.md,Later build step implementation must preserve this S00 baseline and add executable tests before VERIFIED.,Not started,Mapped for S00 governance baseline
S00,CFG-002,CFG,Oghenemaro,configuration_governance,Configuration decision register review,"Administrators shall configure teams, queues, roles and assignment rules with preview.",Simulation fixtures match active routing.,docs/test-evidence/s00-freeze-product-policy-and-company-configuration/review-evidence.md,Later build step implementation must preserve this S00 baseline and add executable tests before VERIFIED.,Not started,Mapped for S00 governance baseline
S00,CFG-003,CFG,Oghenemaro,configuration_governance,Configuration decision register review,"Pipelines, stages, ticket categories, priorities, outcomes and reason dictionaries shall be governed reference data.",Used values retire rather than delete.,docs/test-evidence/s00-freeze-product-policy-and-company-configuration/review-evidence.md,Later build step implementation must preserve this S00 baseline and add executable tests before VERIFIED.,Not started,Mapped for S00 governance baseline
S00,CFG-004,CFG,Oghenemaro,configuration_governance,Configuration decision register review,Communication templates and block libraries shall have draft/review/active/retired lifecycle.,No unapproved template is available to production automation.,docs/test-evidence/s00-freeze-product-policy-and-company-configuration/review-evidence.md,Later build step implementation must preserve this S00 baseline and add executable tests before VERIFIED.,Not started,Mapped for S00 governance baseline
S00,CFG-005,CFG,Oghenemaro,configuration_governance,Configuration decision register review,Custom fields and forms shall be schema-validated and dependency-aware.,Unsafe retirement is blocked.,docs/test-evidence/s00-freeze-product-policy-and-company-configuration/review-evidence.md,Later build step implementation must preserve this S00 baseline and add executable tests before VERIFIED.,Not started,Mapped for S00 governance baseline
S00,CFG-006,CFG,Oghenemaro,configuration_governance,Configuration decision register review,"SLA, frequency cap, quiet hour and escalation policies shall be centrally configured.",Automated tests use exported policy fixture.,docs/test-evidence/s00-freeze-product-policy-and-company-configuration/review-evidence.md,Later build step implementation must preserve this S00 baseline and add executable tests before VERIFIED.,Not started,Mapped for S00 governance baseline
S00,CFG-007,CFG,Oghenemaro,configuration_governance,Configuration decision register review,"Feature flags shall be server-side, scoped and auditable.",Flag state is included in release/incident evidence.,docs/test-evidence/s00-freeze-product-policy-and-company-configuration/review-evidence.md,Later build step implementation must preserve this S00 baseline and add executable tests before VERIFIED.,Not started,Mapped for S00 governance baseline
S00,CFG-008,CFG,Oghenemaro,configuration_governance,Configuration decision register review,Configuration import/export shall use signed/checksummed versioned bundles.,Tampered or incompatible bundle is rejected.,docs/test-evidence/s00-freeze-product-policy-and-company-configuration/review-evidence.md,Later build step implementation must preserve this S00 baseline and add executable tests before VERIFIED.,Not started,Mapped for S00 governance baseline
S00,CFG-009,CFG,Oghenemaro,configuration_governance,Configuration decision register review,Production configuration changes shall support scheduled activation and rollback.,Rollback restores prior version for new behavior without erasing history.,docs/test-evidence/s00-freeze-product-policy-and-company-configuration/review-evidence.md,Later build step implementation must preserve this S00 baseline and add executable tests before VERIFIED.,Not started,Mapped for S00 governance baseline
S00,CFG-010,CFG,Oghenemaro,configuration_governance,Configuration decision register review,Reference/configuration changes shall generate domain events only where explicitly safe.,Editing a label does not unexpectedly contact customers.,docs/test-evidence/s00-freeze-product-policy-and-company-configuration/review-evidence.md,Later build step implementation must preserve this S00 baseline and add executable tests before VERIFIED.,Not started,Mapped for S00 governance baseline
S00,CFG-011,CFG,Oghenemaro,configuration_governance,Configuration decision register review,Administrative diagnostics shall expose dependency/runtime versions and sanitized environment checks.,Support bundle is safe to share internally.,docs/test-evidence/s00-freeze-product-policy-and-company-configuration/review-evidence.md,Later build step implementation must preserve this S00 baseline and add executable tests before VERIFIED.,Not started,Mapped for S00 governance baseline
S00,CFG-012,CFG,Oghenemaro,configuration_governance,Configuration decision register review,"Default configuration shall be delivered as an opinionated company-ready baseline, not empty generic screens.",Configuration acceptance checklist records each approved/changed default.,docs/test-evidence/s00-freeze-product-policy-and-company-configuration/review-evidence.md,Later build step implementation must preserve this S00 baseline and add executable tests before VERIFIED.,Not started,Mapped for S00 governance baseline
S00,SEC-001,SEC,Oghenemaro,security_privacy_governance,Threat-model and authorization matrix review,A versioned threat model shall be completed before implementation freeze and updated for material changes.,Sponsor/technical owner sign-off and test mapping exist.,docs/test-evidence/s00-freeze-product-policy-and-company-configuration/review-evidence.md,Later build step implementation must preserve this S00 baseline and add executable tests before VERIFIED.,Not started,Mapped for S00 governance baseline
S00,SEC-002,SEC,Oghenemaro,security_privacy_governance,Threat-model and authorization matrix review,Production shall run only over valid HTTPS with canonical host enforcement.,TLS/redirect/host-header tests pass.,docs/test-evidence/s00-freeze-product-policy-and-company-configuration/review-evidence.md,Later build step implementation must preserve this S00 baseline and add executable tests before VERIFIED.,Not started,Mapped for S00 governance baseline
S00,SEC-003,SEC,Oghenemaro,security_privacy_governance,Threat-model and authorization matrix review,"Security headers shall include CSP, HSTS after validation, frame protection, nosniff, referrer policy and permissions policy.",Automated header scan passes approved profile.,docs/test-evidence/s00-freeze-product-policy-and-company-configuration/review-evidence.md,Later build step implementation must preserve this S00 baseline and add executable tests before VERIFIED.,Not started,Mapped for S00 governance baseline
S00,SEC-004,SEC,Oghenemaro,security_privacy_governance,Threat-model and authorization matrix review,"Session and authentication cookies shall be Secure, HttpOnly and appropriate SameSite.",Browser and automated tests verify attributes.,docs/test-evidence/s00-freeze-product-policy-and-company-configuration/review-evidence.md,Later build step implementation must preserve this S00 baseline and add executable tests before VERIFIED.,Not started,Mapped for S00 governance baseline
S00,SEC-005,SEC,Oghenemaro,security_privacy_governance,Threat-model and authorization matrix review,All state-changing browser requests shall use CSRF protection and safe HTTP methods.,"CSRF test suite covers staff, portal and public token flows.",docs/test-evidence/s00-freeze-product-policy-and-company-configuration/review-evidence.md,Later build step implementation must preserve this S00 baseline and add executable tests before VERIFIED.,Not started,Mapped for S00 governance baseline
S00,SEC-006,SEC,Oghenemaro,security_privacy_governance,Threat-model and authorization matrix review,Output encoding and HTML sanitization shall prevent stored/reflected XSS.,XSS corpus fails to execute in staff/portal views.,docs/test-evidence/s00-freeze-product-policy-and-company-configuration/review-evidence.md,Later build step implementation must preserve this S00 baseline and add executable tests before VERIFIED.,Not started,Mapped for S00 governance baseline
S00,SEC-007,SEC,Oghenemaro,security_privacy_governance,Threat-model and authorization matrix review,A Content Security Policy shall prevent unapproved script/style/frame sources.,No third-party runtime script is needed for core operation.,docs/test-evidence/s00-freeze-product-policy-and-company-configuration/review-evidence.md,Later build step implementation must preserve this S00 baseline and add executable tests before VERIFIED.,Not started,Mapped for S00 governance baseline
S00,SEC-008,SEC,Oghenemaro,security_privacy_governance,Threat-model and authorization matrix review,Database access shall use parameterized ORM/query APIs.,SAST/manual review and injection tests pass.,docs/test-evidence/s00-freeze-product-policy-and-company-configuration/review-evidence.md,Later build step implementation must preserve this S00 baseline and add executable tests before VERIFIED.,Not started,Mapped for S00 governance baseline
S00,SEC-009,SEC,Oghenemaro,security_privacy_governance,Threat-model and authorization matrix review,"Object-level authorization shall be enforced server-side on every read, mutation, search, count, file and export.",IDOR matrix tests cover each portal/staff object type.,docs/test-evidence/s00-freeze-product-policy-and-company-configuration/review-evidence.md,Later build step implementation must preserve this S00 baseline and add executable tests before VERIFIED.,Not started,Mapped for S00 governance baseline
S00,SEC-010,SEC,Oghenemaro,security_privacy_governance,Threat-model and authorization matrix review,Mass-assignment shall be prevented by explicit forms/field allowlists.,Tampered POST fixtures cannot elevate scope.,docs/test-evidence/s00-freeze-product-policy-and-company-configuration/review-evidence.md,Later build step implementation must preserve this S00 baseline and add executable tests before VERIFIED.,Not started,Mapped for S00 governance baseline
S00,SEC-011,SEC,Oghenemaro,security_privacy_governance,Threat-model and authorization matrix review,Public and authentication endpoints shall have database-backed rate limits and payload caps.,Abuse/load tests preserve availability and produce security events.,docs/test-evidence/s00-freeze-product-policy-and-company-configuration/review-evidence.md,Later build step implementation must preserve this S00 baseline and add executable tests before VERIFIED.,Not started,Mapped for S00 governance baseline
S00,SEC-012,SEC,Oghenemaro,security_privacy_governance,Threat-model and authorization matrix review,"Public forms shall use honeypot, timing, duplicate and behavioral controls without relying on an external CAPTCHA.",Bot fixtures are blocked/limited; legitimate accessibility flow remains.,docs/test-evidence/s00-freeze-product-policy-and-company-configuration/review-evidence.md,Later build step implementation must preserve this S00 baseline and add executable tests before VERIFIED.,Not started,Mapped for S00 governance baseline
S00,SEC-013,SEC,Oghenemaro,security_privacy_governance,Threat-model and authorization matrix review,"Signed links shall be purpose-bound, expiring, unguessable and revocable.","Tamper, replay, cross-purpose and expiry tests pass.",docs/test-evidence/s00-freeze-product-policy-and-company-configuration/review-evidence.md,Later build step implementation must preserve this S00 baseline and add executable tests before VERIFIED.,Not started,Mapped for S00 governance baseline
S00,SEC-014,SEC,Oghenemaro,security_privacy_governance,Threat-model and authorization matrix review,Redirect targets shall be allowlisted/local to prevent open redirect.,External scheme/host fixtures are rejected.,docs/test-evidence/s00-freeze-product-policy-and-company-configuration/review-evidence.md,Later build step implementation must preserve this S00 baseline and add executable tests before VERIFIED.,Not started,Mapped for S00 governance baseline
S00,SEC-015,SEC,Oghenemaro,security_privacy_governance,Threat-model and authorization matrix review,The application shall not perform arbitrary server-side URL fetching.,SSRF test surface is absent or allowlisted.,docs/test-evidence/s00-freeze-product-policy-and-company-configuration/review-evidence.md,Later build step implementation must preserve this S00 baseline and add executable tests before VERIFIED.,Not started,Mapped for S00 governance baseline
S00,SEC-016,SEC,Oghenemaro,security_privacy_governance,Threat-model and authorization matrix review,"No user/configuration input shall be executed by shell, Python eval, SQL engine or template expression engine.",Injection payloads cannot execute.,docs/test-evidence/s00-freeze-product-policy-and-company-configuration/review-evidence.md,Later build step implementation must preserve this S00 baseline and add executable tests before VERIFIED.,Not started,Mapped for S00 governance baseline
S00,SEC-017,SEC,Oghenemaro,security_privacy_governance,Threat-model and authorization matrix review,Serialization and uploaded configuration shall use safe formats and schemas.,Malformed/tampered bundle is rejected.,docs/test-evidence/s00-freeze-product-policy-and-company-configuration/review-evidence.md,Later build step implementation must preserve this S00 baseline and add executable tests before VERIFIED.,Not started,Mapped for S00 governance baseline
S00,SEC-018,SEC,Oghenemaro,security_privacy_governance,Threat-model and authorization matrix review,Secrets shall be stored in cPanel environment variables or protected configuration outside source control/public root.,Repository and support-bundle scans find no secret.,docs/test-evidence/s00-freeze-product-policy-and-company-configuration/review-evidence.md,Later build step implementation must preserve this S00 baseline and add executable tests before VERIFIED.,Not started,Mapped for S00 governance baseline
S00,SEC-019,SEC,Oghenemaro,security_privacy_governance,Threat-model and authorization matrix review,Database credentials shall use the least-privileged application user available.,Connection test confirms only required schema rights.,docs/test-evidence/s00-freeze-product-policy-and-company-configuration/review-evidence.md,Later build step implementation must preserve this S00 baseline and add executable tests before VERIFIED.,Not started,Mapped for S00 governance baseline
S00,SEC-020,SEC,Oghenemaro,security_privacy_governance,Threat-model and authorization matrix review,Selected restricted fields and exported backup artifacts shall support application-level authenticated encryption where runtime dependency passes preflight.,Decrypt/rotation/failure tests pass; missing key fails closed.,docs/test-evidence/s00-freeze-product-policy-and-company-configuration/review-evidence.md,Later build step implementation must preserve this S00 baseline and add executable tests before VERIFIED.,Not started,Mapped for S00 governance baseline
S00,SEC-021,SEC,Oghenemaro,security_privacy_governance,Threat-model and authorization matrix review,File storage shall be outside the public web root and served through authorized application views.,Direct path and traversal tests fail.,docs/test-evidence/s00-freeze-product-policy-and-company-configuration/review-evidence.md,Later build step implementation must preserve this S00 baseline and add executable tests before VERIFIED.,Not started,Mapped for S00 governance baseline
S00,SEC-022,SEC,Oghenemaro,security_privacy_governance,Threat-model and authorization matrix review,"File upload shall enforce allowlisted extensions/MIME signatures, size/count, decompression and filename safety.",Malicious/ambiguous corpus is withheld.,docs/test-evidence/s00-freeze-product-policy-and-company-configuration/review-evidence.md,Later build step implementation must preserve this S00 baseline and add executable tests before VERIFIED.,Not started,Mapped for S00 governance baseline
S00,SEC-023,SEC,Oghenemaro,security_privacy_governance,Threat-model and authorization matrix review,"Because no external malware scanner is permitted, the product shall communicate and enforce the residual file-risk policy.",Risk acceptance and user guidance are present.,docs/test-evidence/s00-freeze-product-policy-and-company-configuration/review-evidence.md,Later build step implementation must preserve this S00 baseline and add executable tests before VERIFIED.,Not started,Mapped for S00 governance baseline
S00,SEC-024,SEC,Oghenemaro,security_privacy_governance,Threat-model and authorization matrix review,Inbound email content shall be treated as untrusted.,Crafted MIME fixtures do not execute or break parser.,docs/test-evidence/s00-freeze-product-policy-and-company-configuration/review-evidence.md,Later build step implementation must preserve this S00 baseline and add executable tests before VERIFIED.,Not started,Mapped for S00 governance baseline
S00,SEC-025,SEC,Oghenemaro,security_privacy_governance,Threat-model and authorization matrix review,Outbound email shall prevent header injection and unauthorized From/Reply-To use.,Injection fixtures fail.,docs/test-evidence/s00-freeze-product-policy-and-company-configuration/review-evidence.md,Later build step implementation must preserve this S00 baseline and add executable tests before VERIFIED.,Not started,Mapped for S00 governance baseline
S00,SEC-026,SEC,Oghenemaro,security_privacy_governance,Threat-model and authorization matrix review,"The company domain shall configure and monitor SPF, DKIM and DMARC to the extent supported by its Truehost mail/DNS setup.",Pre-go-live DNS/mail checks are recorded.,docs/test-evidence/s00-freeze-product-policy-and-company-configuration/review-evidence.md,Later build step implementation must preserve this S00 baseline and add executable tests before VERIFIED.,Not started,Mapped for S00 governance baseline
S00,SEC-027,SEC,Oghenemaro,security_privacy_governance,Threat-model and authorization matrix review,"Error handling shall never expose debug pages, secrets, SQL, filesystem paths or stack traces to users.",Production error-page tests pass.,docs/test-evidence/s00-freeze-product-policy-and-company-configuration/review-evidence.md,Later build step implementation must preserve this S00 baseline and add executable tests before VERIFIED.,Not started,Mapped for S00 governance baseline
S00,SEC-028,SEC,Oghenemaro,security_privacy_governance,Threat-model and authorization matrix review,"Logs shall be structured, rotated and data-minimized.",Log sampling/security tests verify redaction.,docs/test-evidence/s00-freeze-product-policy-and-company-configuration/review-evidence.md,Later build step implementation must preserve this S00 baseline and add executable tests before VERIFIED.,Not started,Mapped for S00 governance baseline
S00,SEC-029,SEC,Oghenemaro,security_privacy_governance,Threat-model and authorization matrix review,Sensitive business/admin events shall have tamper-evident audit chaining.,"Verification command detects alteration/gap, acknowledging same-host limits.",docs/test-evidence/s00-freeze-product-policy-and-company-configuration/review-evidence.md,Later build step implementation must preserve this S00 baseline and add executable tests before VERIFIED.,Not started,Mapped for S00 governance baseline
S00,SEC-030,SEC,Oghenemaro,security_privacy_governance,Threat-model and authorization matrix review,"Exports, merges, privacy operations, model promotion, role elevation and retention override shall require reason and enhanced audit.","Audit evidence identifies requester, approver, scope and result.",docs/test-evidence/s00-freeze-product-policy-and-company-configuration/review-evidence.md,Later build step implementation must preserve this S00 baseline and add executable tests before VERIFIED.,Not started,Mapped for S00 governance baseline
S00,SEC-031,SEC,Oghenemaro,security_privacy_governance,Threat-model and authorization matrix review,"Dependencies shall be pinned, inventoried and scanned before release.",Release bundle contains SBOM/dependency list and review record.,docs/test-evidence/s00-freeze-product-policy-and-company-configuration/review-evidence.md,Later build step implementation must preserve this S00 baseline and add executable tests before VERIFIED.,Not started,Mapped for S00 governance baseline
S00,SEC-032,SEC,Oghenemaro,security_privacy_governance,Threat-model and authorization matrix review,Security patches shall follow severity-based remediation timelines.,Incident/release records show compliance.,docs/test-evidence/s00-freeze-product-policy-and-company-configuration/review-evidence.md,Later build step implementation must preserve this S00 baseline and add executable tests before VERIFIED.,Not started,Mapped for S00 governance baseline
S00,SEC-033,SEC,Oghenemaro,security_privacy_governance,Threat-model and authorization matrix review,"Staging shall use separate database, secrets, mail interception and synthetic/anonymized data.",Environment-isolation test passes.,docs/test-evidence/s00-freeze-product-policy-and-company-configuration/review-evidence.md,Later build step implementation must preserve this S00 baseline and add executable tests before VERIFIED.,Not started,Mapped for S00 governance baseline
S00,SEC-034,SEC,Oghenemaro,security_privacy_governance,Threat-model and authorization matrix review,Administrative/system-health endpoints shall require privileged auth and avoid disclosing host internals.,Unauthenticated request receives no version/path/resource details.,docs/test-evidence/s00-freeze-product-policy-and-company-configuration/review-evidence.md,Later build step implementation must preserve this S00 baseline and add executable tests before VERIFIED.,Not started,Mapped for S00 governance baseline
S00,SEC-035,SEC,Oghenemaro,security_privacy_governance,Threat-model and authorization matrix review,"Backup and restore artifacts shall be access-restricted, checksummed and encrypted for any offline copy.",Quarterly drill includes confidentiality/integrity checks.,docs/test-evidence/s00-freeze-product-policy-and-company-configuration/review-evidence.md,Later build step implementation must preserve this S00 baseline and add executable tests before VERIFIED.,Not started,Mapped for S00 governance baseline
S00,SEC-036,SEC,Oghenemaro,security_privacy_governance,Threat-model and authorization matrix review,"A security incident runbook shall define detect, contain, preserve, notify, recover and review responsibilities.",Tabletop exercise passes before go-live.,docs/test-evidence/s00-freeze-product-policy-and-company-configuration/review-evidence.md,Later build step implementation must preserve this S00 baseline and add executable tests before VERIFIED.,Not started,Mapped for S00 governance baseline
S00,SEC-037,SEC,Oghenemaro,security_privacy_governance,Threat-model and authorization matrix review,Production acceptance shall include independent code review or penetration testing proportionate to the application.,No unresolved critical/high issue; medium issues have approved disposition.,docs/test-evidence/s00-freeze-product-policy-and-company-configuration/review-evidence.md,Later build step implementation must preserve this S00 baseline and add executable tests before VERIFIED.,Not started,Mapped for S00 governance baseline
S00,NFR-001,NFR,Oghenemaro,non_functional_operations_governance,Capacity/performance budget review,Routine authenticated list/detail pages shall achieve p95 server response ≤2.0 seconds and p99 ≤4.0 seconds under the defined 11-user load.,Load report with endpoint percentiles and error rate.,docs/test-evidence/s00-freeze-product-policy-and-company-configuration/review-evidence.md,Later build step implementation must preserve this S00 baseline and add executable tests before VERIFIED.,Not started,Mapped for S00 governance baseline
S00,NFR-002,NFR,Oghenemaro,non_functional_operations_governance,Capacity/performance budget review,Routine create/update actions shall achieve p95 ≤2.5 seconds.,Transaction timing report on representative records.,docs/test-evidence/s00-freeze-product-policy-and-company-configuration/review-evidence.md,Later build step implementation must preserve this S00 baseline and add executable tests before VERIFIED.,Not started,Mapped for S00 governance baseline
S00,NFR-003,NFR,Oghenemaro,non_functional_operations_governance,Capacity/performance budget review,Public forms and portal core pages shall achieve p95 ≤2.5 seconds under mixed load.,Mixed anonymous/authenticated load test.,docs/test-evidence/s00-freeze-product-policy-and-company-configuration/review-evidence.md,Later build step implementation must preserve this S00 baseline and add executable tests before VERIFIED.,Not started,Mapped for S00 governance baseline
S00,NFR-004,NFR,Oghenemaro,non_functional_operations_governance,Capacity/performance budget review,The application shall sustain 15 concurrent active sessions with <1% application error rate and no resource-limit failure.,Capacity test; 20-session stress identifies safe failure behavior.,docs/test-evidence/s00-freeze-product-policy-and-company-configuration/review-evidence.md,Later build step implementation must preserve this S00 baseline and add executable tests before VERIFIED.,Not started,Mapped for S00 governance baseline
S00,NFR-005,NFR,Oghenemaro,non_functional_operations_governance,Capacity/performance budget review,"No HTTP endpoint shall perform unbounded bulk email, export, import, archive, model training or batch scoring.",Code review and execution-time fixtures.,docs/test-evidence/s00-freeze-product-policy-and-company-configuration/review-evidence.md,Later build step implementation must preserve this S00 baseline and add executable tests before VERIFIED.,Not started,Mapped for S00 governance baseline
S00,NFR-006,NFR,Oghenemaro,non_functional_operations_governance,Capacity/performance budget review,Common detail pages shall meet a documented database query budget; N+1 queries are release defects.,Query-count tests and profiling.,docs/test-evidence/s00-freeze-product-policy-and-company-configuration/review-evidence.md,Later build step implementation must preserve this S00 baseline and add executable tests before VERIFIED.,Not started,Mapped for S00 governance baseline
S00,NFR-007,NFR,Oghenemaro,non_functional_operations_governance,Capacity/performance budget review,Pagination is mandatory for potentially unbounded lists.,Boundary tests on every list.,docs/test-evidence/s00-freeze-product-policy-and-company-configuration/review-evidence.md,Later build step implementation must preserve this S00 baseline and add executable tests before VERIFIED.,Not started,Mapped for S00 governance baseline
S00,NFR-008,NFR,Oghenemaro,non_functional_operations_governance,Capacity/performance budget review,Search shall return first page p95 ≤2 seconds at capacity envelope.,Search performance suite.,docs/test-evidence/s00-freeze-product-policy-and-company-configuration/review-evidence.md,Later build step implementation must preserve this S00 baseline and add executable tests before VERIFIED.,Not started,Mapped for S00 governance baseline
S00,NFR-009,NFR,Oghenemaro,non_functional_operations_governance,Capacity/performance budget review,Due jobs shall normally begin within one configured cron interval plus two minutes.,Job-latency dashboard and test.,docs/test-evidence/s00-freeze-product-policy-and-company-configuration/review-evidence.md,Later build step implementation must preserve this S00 baseline and add executable tests before VERIFIED.,Not started,Mapped for S00 governance baseline
S00,NFR-010,NFR,Oghenemaro,non_functional_operations_governance,Capacity/performance budget review,A cron command shall process at most 50 jobs or 40 seconds by default.,Runner timing and interruption tests.,docs/test-evidence/s00-freeze-product-policy-and-company-configuration/review-evidence.md,Later build step implementation must preserve this S00 baseline and add executable tests before VERIFIED.,Not started,Mapped for S00 governance baseline
S00,NFR-011,NFR,Oghenemaro,non_functional_operations_governance,Capacity/performance budget review,Database locks held by worker operations shall be short and bounded.,Slow-query/lock review on load test.,docs/test-evidence/s00-freeze-product-policy-and-company-configuration/review-evidence.md,Later build step implementation must preserve this S00 baseline and add executable tests before VERIFIED.,Not started,Mapped for S00 governance baseline
S00,NFR-012,NFR,Oghenemaro,non_functional_operations_governance,Capacity/performance budget review,Application steady-state memory target shall remain ≤512 MB per process/job for representative operations.,Process memory measurements.,docs/test-evidence/s00-freeze-product-policy-and-company-configuration/review-evidence.md,Later build step implementation must preserve this S00 baseline and add executable tests before VERIFIED.,Not started,Mapped for S00 governance baseline
S00,NFR-013,NFR,Oghenemaro,non_functional_operations_governance,Capacity/performance budget review,Normal page transfer shall remain ≤1.5 MB compressed excluding explicit downloads.,Browser network audit.,docs/test-evidence/s00-freeze-product-policy-and-company-configuration/review-evidence.md,Later build step implementation must preserve this S00 baseline and add executable tests before VERIFIED.,Not started,Mapped for S00 governance baseline
S00,NFR-014,NFR,Oghenemaro,non_functional_operations_governance,Capacity/performance budget review,"The application availability objective is 99.5% during periods when Truehost hosting, DNS, database and mail are available.",Monthly internal availability report and incident reconciliation.,docs/test-evidence/s00-freeze-product-policy-and-company-configuration/review-evidence.md,Later build step implementation must preserve this S00 baseline and add executable tests before VERIFIED.,Not started,Mapped for S00 governance baseline
S00,NFR-015,NFR,Oghenemaro,non_functional_operations_governance,Capacity/performance budget review,Critical domain operations shall be atomic and idempotent.,Crash/failure-injection tests.,docs/test-evidence/s00-freeze-product-policy-and-company-configuration/review-evidence.md,Later build step implementation must preserve this S00 baseline and add executable tests before VERIFIED.,Not started,Mapped for S00 governance baseline
S00,NFR-016,NFR,Oghenemaro,non_functional_operations_governance,Capacity/performance budget review,Retryable operations shall converge without duplicate customer effect.,Forced timeout/replay tests.,docs/test-evidence/s00-freeze-product-policy-and-company-configuration/review-evidence.md,Later build step implementation must preserve this S00 baseline and add executable tests before VERIFIED.,Not started,Mapped for S00 governance baseline
S00,NFR-017,NFR,Oghenemaro,non_functional_operations_governance,Capacity/performance budget review,"The system shall degrade safely when AI, reporting aggregates, IMAP or SMTP is unavailable.",Dependency failure scenarios.,docs/test-evidence/s00-freeze-product-policy-and-company-configuration/review-evidence.md,Later build step implementation must preserve this S00 baseline and add executable tests before VERIFIED.,Not started,Mapped for S00 governance baseline
S00,NFR-018,NFR,Oghenemaro,non_functional_operations_governance,Capacity/performance budget review,Core customer records shall remain consistent after an abrupt worker/request termination.,Kill/restart and integrity check.,docs/test-evidence/s00-freeze-product-policy-and-company-configuration/review-evidence.md,Later build step implementation must preserve this S00 baseline and add executable tests before VERIFIED.,Not started,Mapped for S00 governance baseline
S00,NFR-019,NFR,Oghenemaro,non_functional_operations_governance,Capacity/performance budget review,Full recovery-point objective shall be ≤24 hours; a ≤6-hour critical-delta snapshot is targeted if resource tests pass.,Backup timestamps and restore drill.,docs/test-evidence/s00-freeze-product-policy-and-company-configuration/review-evidence.md,Later build step implementation must preserve this S00 baseline and add executable tests before VERIFIED.,Not started,Mapped for S00 governance baseline
S00,NFR-020,NFR,Oghenemaro,non_functional_operations_governance,Capacity/performance budget review,Recovery-time objective shall be ≤4 business hours after hosting access and a valid backup are available.,Timed quarterly restore exercise.,docs/test-evidence/s00-freeze-product-policy-and-company-configuration/review-evidence.md,Later build step implementation must preserve this S00 baseline and add executable tests before VERIFIED.,Not started,Mapped for S00 governance baseline
S00,NFR-021,NFR,Oghenemaro,non_functional_operations_governance,Capacity/performance budget review,"No single backup shall be considered valid until readability, checksum and restore path are verified.",Backup verification record.,docs/test-evidence/s00-freeze-product-policy-and-company-configuration/review-evidence.md,Later build step implementation must preserve this S00 baseline and add executable tests before VERIFIED.,Not started,Mapped for S00 governance baseline
S00,NFR-022,NFR,Oghenemaro,non_functional_operations_governance,Capacity/performance budget review,The interface shall conform to WCAG 2.2 AA for applicable user journeys.,Automated scan plus manual checklist.,docs/test-evidence/s00-freeze-product-policy-and-company-configuration/review-evidence.md,Later build step implementation must preserve this S00 baseline and add executable tests before VERIFIED.,Not started,Mapped for S00 governance baseline
S00,NFR-023,NFR,Oghenemaro,non_functional_operations_governance,Capacity/performance budget review,Core workflows shall work at 360 CSS-pixel viewport and 200% zoom without loss of function.,Responsive test evidence.,docs/test-evidence/s00-freeze-product-policy-and-company-configuration/review-evidence.md,Later build step implementation must preserve this S00 baseline and add executable tests before VERIFIED.,Not started,Mapped for S00 governance baseline
S00,NFR-024,NFR,Oghenemaro,non_functional_operations_governance,Capacity/performance budget review,"Supported browsers shall be current and previous major versions of Chrome, Edge, Firefox and Safari at release.",Cross-browser test matrix.,docs/test-evidence/s00-freeze-product-policy-and-company-configuration/review-evidence.md,Later build step implementation must preserve this S00 baseline and add executable tests before VERIFIED.,Not started,Mapped for S00 governance baseline
S00,NFR-025,NFR,Oghenemaro,non_functional_operations_governance,Capacity/performance budget review,Critical tasks shall be keyboard-operable with visible focus and logical order.,Manual keyboard test.,docs/test-evidence/s00-freeze-product-policy-and-company-configuration/review-evidence.md,Later build step implementation must preserve this S00 baseline and add executable tests before VERIFIED.,Not started,Mapped for S00 governance baseline
S00,NFR-026,NFR,Oghenemaro,non_functional_operations_governance,Capacity/performance budget review,"Customer-visible and staff error messages shall be plain, actionable and non-disclosing.",Content review and error fixtures.,docs/test-evidence/s00-freeze-product-policy-and-company-configuration/review-evidence.md,Later build step implementation must preserve this S00 baseline and add executable tests before VERIFIED.,Not started,Mapped for S00 governance baseline
S00,NFR-027,NFR,Oghenemaro,non_functional_operations_governance,Capacity/performance budget review,Dates/times shall be stored in UTC and displayed in configured company/user timezone.,Boundary test suite.,docs/test-evidence/s00-freeze-product-policy-and-company-configuration/review-evidence.md,Later build step implementation must preserve this S00 baseline and add executable tests before VERIFIED.,Not started,Mapped for S00 governance baseline
S00,NFR-028,NFR,Oghenemaro,non_functional_operations_governance,Capacity/performance budget review,"Money shall use decimal types, explicit currency and deterministic rounding.",Unit/property tests.,docs/test-evidence/s00-freeze-product-policy-and-company-configuration/review-evidence.md,Later build step implementation must preserve this S00 baseline and add executable tests before VERIFIED.,Not started,Mapped for S00 governance baseline
S00,NFR-029,NFR,Oghenemaro,non_functional_operations_governance,Capacity/performance budget review,"The initial interface shall be English but user-visible strings, status labels and templates shall support future localization.",Internationalization extraction check.,docs/test-evidence/s00-freeze-product-policy-and-company-configuration/review-evidence.md,Later build step implementation must preserve this S00 baseline and add executable tests before VERIFIED.,Not started,Mapped for S00 governance baseline
S00,NFR-030,NFR,Oghenemaro,non_functional_operations_governance,Capacity/performance budget review,"Code shall use modular domain services, typed interfaces where valuable and documented invariants.",Architecture/lint review.,docs/test-evidence/s00-freeze-product-policy-and-company-configuration/review-evidence.md,Later build step implementation must preserve this S00 baseline and add executable tests before VERIFIED.,Not started,Mapped for S00 governance baseline
S00,NFR-031,NFR,Oghenemaro,non_functional_operations_governance,Capacity/performance budget review,"Automated tests shall cover domain rules, authorization, integrations, workflows, migrations and critical browser journeys.",Requirement-to-test traceability.,docs/test-evidence/s00-freeze-product-policy-and-company-configuration/review-evidence.md,Later build step implementation must preserve this S00 baseline and add executable tests before VERIFIED.,Not started,Mapped for S00 governance baseline
S00,NFR-032,NFR,Oghenemaro,non_functional_operations_governance,Capacity/performance budget review,"Database migrations shall be backward-safe where practical, reviewed and tested on a copy-sized dataset.",Migration timing and rollback/repair evidence.,docs/test-evidence/s00-freeze-product-policy-and-company-configuration/review-evidence.md,Later build step implementation must preserve this S00 baseline and add executable tests before VERIFIED.,Not started,Mapped for S00 governance baseline
S00,NFR-033,NFR,Oghenemaro,non_functional_operations_governance,Capacity/performance budget review,Releases shall be reproducible from version control and locked dependencies.,Rebuild comparison and release manifest.,docs/test-evidence/s00-freeze-product-policy-and-company-configuration/review-evidence.md,Later build step implementation must preserve this S00 baseline and add executable tests before VERIFIED.,Not started,Mapped for S00 governance baseline
S00,NFR-034,NFR,Oghenemaro,non_functional_operations_governance,Capacity/performance budget review,"Operational commands shall provide structured summary, exit code and durable run record.",Command contract tests.,docs/test-evidence/s00-freeze-product-policy-and-company-configuration/review-evidence.md,Later build step implementation must preserve this S00 baseline and add executable tests before VERIFIED.,Not started,Mapped for S00 governance baseline
S00,NFR-035,NFR,Oghenemaro,non_functional_operations_governance,Capacity/performance budget review,"Logs and health metrics shall be sufficient to diagnose request, mailbox, queue, workflow and data failures without exposing secrets.",Incident simulation and log review.,docs/test-evidence/s00-freeze-product-policy-and-company-configuration/review-evidence.md,Later build step implementation must preserve this S00 baseline and add executable tests before VERIFIED.,Not started,Mapped for S00 governance baseline
S00,NFR-036,NFR,Oghenemaro,non_functional_operations_governance,Capacity/performance budget review,Critical incidents shall appear in the admin work queue within one monitoring cron interval.,Synthetic incident test.,docs/test-evidence/s00-freeze-product-policy-and-company-configuration/review-evidence.md,Later build step implementation must preserve this S00 baseline and add executable tests before VERIFIED.,Not started,Mapped for S00 governance baseline
S00,NFR-037,NFR,Oghenemaro,non_functional_operations_governance,Capacity/performance budget review,"Database, filesystem and inode use shall be measured and thresholded.",Capacity alert simulation.,docs/test-evidence/s00-freeze-product-policy-and-company-configuration/review-evidence.md,Later build step implementation must preserve this S00 baseline and add executable tests before VERIFIED.,Not started,Mapped for S00 governance baseline
S00,NFR-038,NFR,Oghenemaro,non_functional_operations_governance,Capacity/performance budget review,"The system shall support at least seven daily, four weekly and six monthly application/provider backup references where storage permits.",Backup inventory view.,docs/test-evidence/s00-freeze-product-policy-and-company-configuration/review-evidence.md,Later build step implementation must preserve this S00 baseline and add executable tests before VERIFIED.,Not started,Mapped for S00 governance baseline
S00,NFR-039,NFR,Oghenemaro,non_functional_operations_governance,Capacity/performance budget review,"User-facing records shall preserve audit attribution through user disable, merge, archive and migration.",Referential integrity tests.,docs/test-evidence/s00-freeze-product-policy-and-company-configuration/review-evidence.md,Later build step implementation must preserve this S00 baseline and add executable tests before VERIFIED.,Not started,Mapped for S00 governance baseline
S00,NFR-040,NFR,Oghenemaro,non_functional_operations_governance,Capacity/performance budget review,Administrative configuration and workflow changes shall be discoverable and reversible for new behavior.,Configuration rollback exercise.,docs/test-evidence/s00-freeze-product-policy-and-company-configuration/review-evidence.md,Later build step implementation must preserve this S00 baseline and add executable tests before VERIFIED.,Not started,Mapped for S00 governance baseline
S00,NFR-041,NFR,Oghenemaro,non_functional_operations_governance,Capacity/performance budget review,"The product shall avoid runtime dependence on public CDNs, analytics, fonts, CAPTCHA, AI, queue or monitoring services.",Deployment network-dependency review.,docs/test-evidence/s00-freeze-product-policy-and-company-configuration/review-evidence.md,Later build step implementation must preserve this S00 baseline and add executable tests before VERIFIED.,Not started,Mapped for S00 governance baseline
S00,NFR-042,NFR,Oghenemaro,non_functional_operations_governance,Capacity/performance budget review,All official operational procedures shall be executable by a trained administrator using cPanel and application UI/commands.,Runbook rehearsal by non-developer admin.,docs/test-evidence/s00-freeze-product-policy-and-company-configuration/review-evidence.md,Later build step implementation must preserve this S00 baseline and add executable tests before VERIFIED.,Not started,Mapped for S00 governance baseline
S00,NFR-043,NFR,Oghenemaro,non_functional_operations_governance,Capacity/performance budget review,The application shall expose a version/build identifier and database/config compatibility status to authorized admins.,Release smoke test.,docs/test-evidence/s00-freeze-product-policy-and-company-configuration/review-evidence.md,Later build step implementation must preserve this S00 baseline and add executable tests before VERIFIED.,Not started,Mapped for S00 governance baseline
S00,NFR-044,NFR,Oghenemaro,non_functional_operations_governance,Capacity/performance budget review,Archived records shall remain retrievable within 60 seconds for authorized single-record requests under normal load.,Archive retrieval test.,docs/test-evidence/s00-freeze-product-policy-and-company-configuration/review-evidence.md,Later build step implementation must preserve this S00 baseline and add executable tests before VERIFIED.,Not started,Mapped for S00 governance baseline
S00,NFR-045,NFR,Oghenemaro,non_functional_operations_governance,Capacity/performance budget review,Staff onboarding shall allow a trained new user to complete core role journeys after documented training without developer assistance.,UAT task-completion observation.,docs/test-evidence/s00-freeze-product-policy-and-company-configuration/review-evidence.md,Later build step implementation must preserve this S00 baseline and add executable tests before VERIFIED.,Not started,Mapped for S00 governance baseline
S00,OPS-001,OPS,Oghenemaro,operations_reliability_governance,Operations/runbook and recovery review,"Production and staging shall be separate cPanel Python applications with separate databases, secrets, private files and mail behavior.",Isolation checklist and cross-environment credential test pass.,docs/test-evidence/s00-freeze-product-policy-and-company-configuration/review-evidence.md,Later build step implementation must preserve this S00 baseline and add executable tests before VERIFIED.,Not started,Mapped for S00 governance baseline
S00,OPS-002,OPS,Oghenemaro,operations_reliability_governance,Operations/runbook and recovery review,Production shall use Django production settings with DEBUG=False and deployment checks executed.,Automated `check --deploy` evidence stored per release.,docs/test-evidence/s00-freeze-product-policy-and-company-configuration/review-evidence.md,Later build step implementation must preserve this S00 baseline and add executable tests before VERIFIED.,Not started,Mapped for S00 governance baseline
S00,OPS-003,OPS,Oghenemaro,operations_reliability_governance,Operations/runbook and recovery review,Static assets shall be collected/versioned locally and served through approved cPanel web configuration.,Release smoke test loads assets with cache-busting paths.,docs/test-evidence/s00-freeze-product-policy-and-company-configuration/review-evidence.md,Later build step implementation must preserve this S00 baseline and add executable tests before VERIFIED.,Not started,Mapped for S00 governance baseline
S00,OPS-004,OPS,Oghenemaro,operations_reliability_governance,Operations/runbook and recovery review,Database charset/collation shall support utf8mb4 and consistent comparison rules.,Unicode fixture tests pass.,docs/test-evidence/s00-freeze-product-policy-and-company-configuration/review-evidence.md,Later build step implementation must preserve this S00 baseline and add executable tests before VERIFIED.,Not started,Mapped for S00 governance baseline
S00,OPS-005,OPS,Oghenemaro,operations_reliability_governance,Operations/runbook and recovery review,Database connections shall be conservative and bounded.,Load test shows no connection exhaustion.,docs/test-evidence/s00-freeze-product-policy-and-company-configuration/review-evidence.md,Later build step implementation must preserve this S00 baseline and add executable tests before VERIFIED.,Not started,Mapped for S00 governance baseline
S00,OPS-006,OPS,Oghenemaro,operations_reliability_governance,Operations/runbook and recovery review,Cron commands shall use absolute virtual-environment/application paths and environment-specific settings.,Manual run and scheduled run produce same result.,docs/test-evidence/s00-freeze-product-policy-and-company-configuration/review-evidence.md,Later build step implementation must preserve this S00 baseline and add executable tests before VERIFIED.,Not started,Mapped for S00 governance baseline
S00,OPS-007,OPS,Oghenemaro,operations_reliability_governance,Operations/runbook and recovery review,Cron schedules shall be staggered to avoid resource spikes.,Schedule review shows offsets and lock behavior.,docs/test-evidence/s00-freeze-product-policy-and-company-configuration/review-evidence.md,Later build step implementation must preserve this S00 baseline and add executable tests before VERIFIED.,Not started,Mapped for S00 governance baseline
S00,OPS-008,OPS,Oghenemaro,operations_reliability_governance,Operations/runbook and recovery review,Every scheduled command shall acquire a lease and exit safely if a prior instance remains active.,Overlap simulation results in one active executor.,docs/test-evidence/s00-freeze-product-policy-and-company-configuration/review-evidence.md,Later build step implementation must preserve this S00 baseline and add executable tests before VERIFIED.,Not started,Mapped for S00 governance baseline
S00,OPS-009,OPS,Oghenemaro,operations_reliability_governance,Operations/runbook and recovery review,"A release shall have immutable identifier, commit, dependency lock, config version and migration list.",Release manifest archived.,docs/test-evidence/s00-freeze-product-policy-and-company-configuration/review-evidence.md,Later build step implementation must preserve this S00 baseline and add executable tests before VERIFIED.,Not started,Mapped for S00 governance baseline
S00,OPS-010,OPS,Oghenemaro,operations_reliability_governance,Operations/runbook and recovery review,Deployment shall use a documented maintenance and rollback procedure.,Rehearsal on staging passes.,docs/test-evidence/s00-freeze-product-policy-and-company-configuration/review-evidence.md,Later build step implementation must preserve this S00 baseline and add executable tests before VERIFIED.,Not started,Mapped for S00 governance baseline
S00,OPS-011,OPS,Oghenemaro,operations_reliability_governance,Operations/runbook and recovery review,Production code shall not be routinely edited through cPanel File Manager.,Release history maps files to commit.,docs/test-evidence/s00-freeze-product-policy-and-company-configuration/review-evidence.md,Later build step implementation must preserve this S00 baseline and add executable tests before VERIFIED.,Not started,Mapped for S00 governance baseline
S00,OPS-012,OPS,Oghenemaro,operations_reliability_governance,Operations/runbook and recovery review,Database migrations shall run once under deployment lock.,Migrations are timed and verified.,docs/test-evidence/s00-freeze-product-policy-and-company-configuration/review-evidence.md,Later build step implementation must preserve this S00 baseline and add executable tests before VERIFIED.,Not started,Mapped for S00 governance baseline
S00,OPS-013,OPS,Oghenemaro,operations_reliability_governance,Operations/runbook and recovery review,Rollback shall restore prior code/config and either backward-compatible schema or execute an approved repair plan.,Rollback rehearsal covers representative release.,docs/test-evidence/s00-freeze-product-policy-and-company-configuration/review-evidence.md,Later build step implementation must preserve this S00 baseline and add executable tests before VERIFIED.,Not started,Mapped for S00 governance baseline
S00,OPS-014,OPS,Oghenemaro,operations_reliability_governance,Operations/runbook and recovery review,Passenger/application restart shall be verified by build identifier and health checks.,Post-deploy request shows new release and successful DB/mail/job checks.,docs/test-evidence/s00-freeze-product-policy-and-company-configuration/review-evidence.md,Later build step implementation must preserve this S00 baseline and add executable tests before VERIFIED.,Not started,Mapped for S00 governance baseline
S00,OPS-015,OPS,Oghenemaro,operations_reliability_governance,Operations/runbook and recovery review,Maintenance mode shall preserve a safe staff/customer message and block writes during incompatible operations.,Maintenance-mode tests pass.,docs/test-evidence/s00-freeze-product-policy-and-company-configuration/review-evidence.md,Later build step implementation must preserve this S00 baseline and add executable tests before VERIFIED.,Not started,Mapped for S00 governance baseline
S00,OPS-016,OPS,Oghenemaro,operations_reliability_governance,Operations/runbook and recovery review,Application logs shall rotate by size/time and retain only approved duration.,Rotation/cleanup simulation preserves current logs.,docs/test-evidence/s00-freeze-product-policy-and-company-configuration/review-evidence.md,Later build step implementation must preserve this S00 baseline and add executable tests before VERIFIED.,Not started,Mapped for S00 governance baseline
S00,OPS-017,OPS,Oghenemaro,operations_reliability_governance,Operations/runbook and recovery review,"System health shall record cron heartbeat, queue age/depth, mailbox status, DB/file/inode use, latest backup and error counts.",Synthetic failure appears within monitoring interval.,docs/test-evidence/s00-freeze-product-policy-and-company-configuration/review-evidence.md,Later build step implementation must preserve this S00 baseline and add executable tests before VERIFIED.,Not started,Mapped for S00 governance baseline
S00,OPS-018,OPS,Oghenemaro,operations_reliability_governance,Operations/runbook and recovery review,"Administrative health checks shall distinguish dependency unavailable, degraded and healthy.",Stale evidence turns warning/critical.,docs/test-evidence/s00-freeze-product-policy-and-company-configuration/review-evidence.md,Later build step implementation must preserve this S00 baseline and add executable tests before VERIFIED.,Not started,Mapped for S00 governance baseline
S00,OPS-019,OPS,Oghenemaro,operations_reliability_governance,Operations/runbook and recovery review,Resource thresholds shall disable or defer non-essential jobs before hard host limits.,Capacity simulation verifies degradation order.,docs/test-evidence/s00-freeze-product-policy-and-company-configuration/review-evidence.md,Later build step implementation must preserve this S00 baseline and add executable tests before VERIFIED.,Not started,Mapped for S00 governance baseline
S00,OPS-020,OPS,Oghenemaro,operations_reliability_governance,Operations/runbook and recovery review,Provider daily backup shall be supplemented by application-managed logical backup/manifests.,Preflight selects and tests one method.,docs/test-evidence/s00-freeze-product-policy-and-company-configuration/review-evidence.md,Later build step implementation must preserve this S00 baseline and add executable tests before VERIFIED.,Not started,Mapped for S00 governance baseline
S00,OPS-021,OPS,Oghenemaro,operations_reliability_governance,Operations/runbook and recovery review,"Application backups shall include database, configuration bundle, private-file manifest, model/template/workflow versions and release manifest.",Restore inventory can identify compatible set.,docs/test-evidence/s00-freeze-product-policy-and-company-configuration/review-evidence.md,Later build step implementation must preserve this S00 baseline and add executable tests before VERIFIED.,Not started,Mapped for S00 governance baseline
S00,OPS-022,OPS,Oghenemaro,operations_reliability_governance,Operations/runbook and recovery review,Backup jobs shall be bounded and scheduled outside peak mail/automation periods.,Representative backup stays within resource/time budget.,docs/test-evidence/s00-freeze-product-policy-and-company-configuration/review-evidence.md,Later build step implementation must preserve this S00 baseline and add executable tests before VERIFIED.,Not started,Mapped for S00 governance baseline
S00,OPS-023,OPS,Oghenemaro,operations_reliability_governance,Operations/runbook and recovery review,"Backup retention shall enforce 7 daily, 4 weekly and 6 monthly where capacity permits.",Inventory/prune tests pass.,docs/test-evidence/s00-freeze-product-policy-and-company-configuration/review-evidence.md,Later build step implementation must preserve this S00 baseline and add executable tests before VERIFIED.,Not started,Mapped for S00 governance baseline
S00,OPS-024,OPS,Oghenemaro,operations_reliability_governance,Operations/runbook and recovery review,A monthly encrypted offline copy is strongly recommended as a non-runtime governance exception.,Decision recorded before go-live.,docs/test-evidence/s00-freeze-product-policy-and-company-configuration/review-evidence.md,Later build step implementation must preserve this S00 baseline and add executable tests before VERIFIED.,Not started,Mapped for S00 governance baseline
S00,OPS-025,OPS,Oghenemaro,operations_reliability_governance,Operations/runbook and recovery review,Restore shall be documented from both provider backup and application logical backup.,Quarterly timed restore drill succeeds.,docs/test-evidence/s00-freeze-product-policy-and-company-configuration/review-evidence.md,Later build step implementation must preserve this S00 baseline and add executable tests before VERIFIED.,Not started,Mapped for S00 governance baseline
S00,OPS-026,OPS,Oghenemaro,operations_reliability_governance,Operations/runbook and recovery review,"Restore verification shall reconcile record counts, checksums, critical invariants and sampled customer histories.",Signed restore report stored.,docs/test-evidence/s00-freeze-product-policy-and-company-configuration/review-evidence.md,Later build step implementation must preserve this S00 baseline and add executable tests before VERIFIED.,Not started,Mapped for S00 governance baseline
S00,OPS-027,OPS,Oghenemaro,operations_reliability_governance,Operations/runbook and recovery review,"Housekeeping shall remove expired temp files, exports, stale sessions, old logs and superseded archive staging.",Dry-run and execute results are visible.,docs/test-evidence/s00-freeze-product-policy-and-company-configuration/review-evidence.md,Later build step implementation must preserve this S00 baseline and add executable tests before VERIFIED.,Not started,Mapped for S00 governance baseline
S00,OPS-028,OPS,Oghenemaro,operations_reliability_governance,Operations/runbook and recovery review,Operations shall have severity definitions and named response owners.,Runbook and response exercise completed.,docs/test-evidence/s00-freeze-product-policy-and-company-configuration/review-evidence.md,Later build step implementation must preserve this S00 baseline and add executable tests before VERIFIED.,Not started,Mapped for S00 governance baseline
S00,OPS-029,OPS,Oghenemaro,operations_reliability_governance,Operations/runbook and recovery review,"A support bundle shall collect sanitized release, health, queue, configuration and recent error metadata.",Security review validates redaction.,docs/test-evidence/s00-freeze-product-policy-and-company-configuration/review-evidence.md,Later build step implementation must preserve this S00 baseline and add executable tests before VERIFIED.,Not started,Mapped for S00 governance baseline
S00,OPS-030,OPS,Oghenemaro,operations_reliability_governance,Operations/runbook and recovery review,"Changes to hosting plan, Python/runtime, database engine, mail limits or cPanel capabilities shall trigger architecture compatibility review.",Review checklist attached to change record.,docs/test-evidence/s00-freeze-product-policy-and-company-configuration/review-evidence.md,Later build step implementation must preserve this S00 baseline and add executable tests before VERIFIED.,Not started,Mapped for S00 governance baseline
S00,TST-001,TST,Oghenemaro,test_acceptance_governance,Requirement completeness and evidence review,"A requirements traceability matrix shall map every P0/P1 requirement to design component, test case and acceptance result.",No mandatory requirement remains unmapped.,docs/test-evidence/s00-freeze-product-policy-and-company-configuration/review-evidence.md,Later build step implementation must preserve this S00 baseline and add executable tests before VERIFIED.,Not started,Mapped for S00 governance baseline
S00,TST-002,TST,Oghenemaro,test_acceptance_governance,Requirement completeness and evidence review,"Domain unit tests shall cover state transitions, invariants, calculations, policy precedence and idempotency.",Critical domain rule mutation/branch review passes.,docs/test-evidence/s00-freeze-product-policy-and-company-configuration/review-evidence.md,Later build step implementation must preserve this S00 baseline and add executable tests before VERIFIED.,Not started,Mapped for S00 governance baseline
S00,TST-003,TST,Oghenemaro,test_acceptance_governance,Requirement completeness and evidence review,Integration tests shall use the same database engine family and transaction semantics as production.,MySQL/MariaDB integration suite passes.,docs/test-evidence/s00-freeze-product-policy-and-company-configuration/review-evidence.md,Later build step implementation must preserve this S00 baseline and add executable tests before VERIFIED.,Not started,Mapped for S00 governance baseline
S00,TST-004,TST,Oghenemaro,test_acceptance_governance,Requirement completeness and evidence review,"Authorization tests shall cover role, record scope, field scope, direct URL, search, aggregate, export, file and background-job paths.",No unauthorized data/count leakage.,docs/test-evidence/s00-freeze-product-policy-and-company-configuration/review-evidence.md,Later build step implementation must preserve this S00 baseline and add executable tests before VERIFIED.,Not started,Mapped for S00 governance baseline
S00,TST-005,TST,Oghenemaro,test_acceptance_governance,Requirement completeness and evidence review,"Authentication tests shall cover invitation, MFA, recovery, lockout, session revocation, step-up and user deactivation.",Security acceptance suite passes.,docs/test-evidence/s00-freeze-product-policy-and-company-configuration/review-evidence.md,Later build step implementation must preserve this S00 baseline and add executable tests before VERIFIED.,Not started,Mapped for S00 governance baseline
S00,TST-006,TST,Oghenemaro,test_acceptance_governance,Requirement completeness and evidence review,"Workflow contract tests shall cover every trigger, condition, action, exit and conflict type.",Engine contract suite passes.,docs/test-evidence/s00-freeze-product-policy-and-company-configuration/review-evidence.md,Later build step implementation must preserve this S00 baseline and add executable tests before VERIFIED.,Not started,Mapped for S00 governance baseline
S00,TST-007,TST,Oghenemaro,test_acceptance_governance,Requirement completeness and evidence review,"Each of the 28 default workflows shall have positive, stop/exit, duplicate-event, retry and permission test cases.",Workflow acceptance pack approved.,docs/test-evidence/s00-freeze-product-policy-and-company-configuration/review-evidence.md,Later build step implementation must preserve this S00 baseline and add executable tests before VERIFIED.,Not started,Mapped for S00 governance baseline
S00,TST-008,TST,Oghenemaro,test_acceptance_governance,Requirement completeness and evidence review,"Idempotency/failure-injection tests shall interrupt processing before/after job claim, transaction commit and email handoff.",No silent duplicate-send path.,docs/test-evidence/s00-freeze-product-policy-and-company-configuration/review-evidence.md,Later build step implementation must preserve this S00 baseline and add executable tests before VERIFIED.,Not started,Mapped for S00 governance baseline
S00,TST-009,TST,Oghenemaro,test_acceptance_governance,Requirement completeness and evidence review,SMTP/IMAP integration tests shall use dedicated Truehost test mailboxes.,Production-account preflight test passes without customer recipients.,docs/test-evidence/s00-freeze-product-policy-and-company-configuration/review-evidence.md,Later build step implementation must preserve this S00 baseline and add executable tests before VERIFIED.,Not started,Mapped for S00 governance baseline
S00,TST-010,TST,Oghenemaro,test_acceptance_governance,Requirement completeness and evidence review,"Public form and portal tests shall cover rate limiting, token tampering, abuse, CSRF, upload and IDOR.",Security and functional suites pass.,docs/test-evidence/s00-freeze-product-policy-and-company-configuration/review-evidence.md,Later build step implementation must preserve this S00 baseline and add executable tests before VERIFIED.,Not started,Mapped for S00 governance baseline
S00,TST-011,TST,Oghenemaro,test_acceptance_governance,Requirement completeness and evidence review,"File tests shall include traversal, double extension, MIME mismatch, oversized payload, active content, unsafe filename and unauthorized download.",Unsafe corpus blocked.,docs/test-evidence/s00-freeze-product-policy-and-company-configuration/review-evidence.md,Later build step implementation must preserve this S00 baseline and add executable tests before VERIFIED.,Not started,Mapped for S00 governance baseline
S00,TST-012,TST,Oghenemaro,test_acceptance_governance,Requirement completeness and evidence review,"Data import tests shall cover encoding, mapping, duplicates, idempotency, chunk interruption, quarantine, release and rollback.",Reconciliation matches source/result.,docs/test-evidence/s00-freeze-product-policy-and-company-configuration/review-evidence.md,Later build step implementation must preserve this S00 baseline and add executable tests before VERIFIED.,Not started,Mapped for S00 governance baseline
S00,TST-013,TST,Oghenemaro,test_acceptance_governance,Requirement completeness and evidence review,"Export tests shall cover scope, approval, step-up, formula injection, expiration and audit.",Export evidence complete.,docs/test-evidence/s00-freeze-product-policy-and-company-configuration/review-evidence.md,Later build step implementation must preserve this S00 baseline and add executable tests before VERIFIED.,Not started,Mapped for S00 governance baseline
S00,TST-014,TST,Oghenemaro,test_acceptance_governance,Requirement completeness and evidence review,"Reporting tests shall reconcile aggregate, drilldown and event-derived metrics.",No unexplained discrepancy over approved tolerance.,docs/test-evidence/s00-freeze-product-policy-and-company-configuration/review-evidence.md,Later build step implementation must preserve this S00 baseline and add executable tests before VERIFIED.,Not started,Mapped for S00 governance baseline
S00,TST-015,TST,Oghenemaro,test_acceptance_governance,Requirement completeness and evidence review,"AI tests shall cover feature time semantics, missing values, abstention, explanation, fallback, artifact checksum, promotion gate and drift.",Model governance pack approved.,docs/test-evidence/s00-freeze-product-policy-and-company-configuration/review-evidence.md,Later build step implementation must preserve this S00 baseline and add executable tests before VERIFIED.,Not started,Mapped for S00 governance baseline
S00,TST-016,TST,Oghenemaro,test_acceptance_governance,Requirement completeness and evidence review,Performance tests shall use the Section 15 representative dataset and mixed workload.,All applicable NFR thresholds pass.,docs/test-evidence/s00-freeze-product-policy-and-company-configuration/review-evidence.md,Later build step implementation must preserve this S00 baseline and add executable tests before VERIFIED.,Not started,Mapped for S00 governance baseline
S00,TST-017,TST,Oghenemaro,test_acceptance_governance,Requirement completeness and evidence review,"Soak tests shall run repeated cron/mail/job cycles long enough to reveal queue growth, leaks, lock accumulation and duplicate effects.",No unbounded trend at target load.,docs/test-evidence/s00-freeze-product-policy-and-company-configuration/review-evidence.md,Later build step implementation must preserve this S00 baseline and add executable tests before VERIFIED.,Not started,Mapped for S00 governance baseline
S00,TST-018,TST,Oghenemaro,test_acceptance_governance,Requirement completeness and evidence review,"Accessibility tests shall combine automated scans with manual keyboard, zoom, screen-reader spot checks and error-flow review.",No unresolved critical/serious barrier.,docs/test-evidence/s00-freeze-product-policy-and-company-configuration/review-evidence.md,Later build step implementation must preserve this S00 baseline and add executable tests before VERIFIED.,Not started,Mapped for S00 governance baseline
S00,TST-019,TST,Oghenemaro,test_acceptance_governance,Requirement completeness and evidence review,Cross-browser/responsive tests shall cover the supported matrix and 360px viewport.,Pass report with approved minor variances.,docs/test-evidence/s00-freeze-product-policy-and-company-configuration/review-evidence.md,Later build step implementation must preserve this S00 baseline and add executable tests before VERIFIED.,Not started,Mapped for S00 governance baseline
S00,TST-020,TST,Oghenemaro,test_acceptance_governance,Requirement completeness and evidence review,"Backup tests shall verify creation, checksum, retention and readable contents.",Latest scheduled sets show verified status.,docs/test-evidence/s00-freeze-product-policy-and-company-configuration/review-evidence.md,Later build step implementation must preserve this S00 baseline and add executable tests before VERIFIED.,Not started,Mapped for S00 governance baseline
S00,TST-021,TST,Oghenemaro,test_acceptance_governance,Requirement completeness and evidence review,Restore tests shall rebuild a staging/recovery instance from a selected backup and execute integrity/smoke checks.,Quarterly drill meets targets or creates P0 remediation.,docs/test-evidence/s00-freeze-product-policy-and-company-configuration/review-evidence.md,Later build step implementation must preserve this S00 baseline and add executable tests before VERIFIED.,Not started,Mapped for S00 governance baseline
S00,TST-022,TST,Oghenemaro,test_acceptance_governance,Requirement completeness and evidence review,Migration tests shall run against a copy-sized source dataset multiple times.,Repeat run is idempotent/reconcilable.,docs/test-evidence/s00-freeze-product-policy-and-company-configuration/review-evidence.md,Later build step implementation must preserve this S00 baseline and add executable tests before VERIFIED.,Not started,Mapped for S00 governance baseline
S00,TST-023,TST,Oghenemaro,test_acceptance_governance,Requirement completeness and evidence review,"Security testing shall include static review, dependency review and authenticated manual penetration testing.",No unresolved critical/high issue.,docs/test-evidence/s00-freeze-product-policy-and-company-configuration/review-evidence.md,Later build step implementation must preserve this S00 baseline and add executable tests before VERIFIED.,Not started,Mapped for S00 governance baseline
S00,TST-024,TST,Oghenemaro,test_acceptance_governance,Requirement completeness and evidence review,"Incident exercises shall cover mailbox outage, dead-letter surge, database near limit, compromised account, duplicate-send suspicion, restore and model incident.","Actions, gaps and remediation recorded.",docs/test-evidence/s00-freeze-product-policy-and-company-configuration/review-evidence.md,Later build step implementation must preserve this S00 baseline and add executable tests before VERIFIED.,Not started,Mapped for S00 governance baseline
S00,TST-025,TST,Oghenemaro,test_acceptance_governance,Requirement completeness and evidence review,User acceptance testing shall use role-specific business scenarios and production-like configuration.,All critical scenarios accepted; defects dispositioned.,docs/test-evidence/s00-freeze-product-policy-and-company-configuration/review-evidence.md,Later build step implementation must preserve this S00 baseline and add executable tests before VERIFIED.,Not started,Mapped for S00 governance baseline
S00,TST-026,TST,Oghenemaro,test_acceptance_governance,Requirement completeness and evidence review,Deployment rehearsal shall execute the exact release and rollback procedure in staging.,No undocumented manual step remains.,docs/test-evidence/s00-freeze-product-policy-and-company-configuration/review-evidence.md,Later build step implementation must preserve this S00 baseline and add executable tests before VERIFIED.,Not started,Mapped for S00 governance baseline
S00,TST-027,TST,Oghenemaro,test_acceptance_governance,Requirement completeness and evidence review,Production smoke tests shall avoid real customer effect.,Post-deploy checklist passes before automation resumes.,docs/test-evidence/s00-freeze-product-policy-and-company-configuration/review-evidence.md,Later build step implementation must preserve this S00 baseline and add executable tests before VERIFIED.,Not started,Mapped for S00 governance baseline
S00,TST-028,TST,Oghenemaro,test_acceptance_governance,Requirement completeness and evidence review,"Defects shall have severity, affected requirement, reproduction, impact, owner and release decision.",No open release-blocking defect.,docs/test-evidence/s00-freeze-product-policy-and-company-configuration/review-evidence.md,Later build step implementation must preserve this S00 baseline and add executable tests before VERIFIED.,Not started,Mapped for S00 governance baseline
S00,TST-029,TST,Oghenemaro,test_acceptance_governance,Requirement completeness and evidence review,Test data shall be synthetic or anonymized and cleaned after defined retention.,Data scan and cleanup evidence.,docs/test-evidence/s00-freeze-product-policy-and-company-configuration/review-evidence.md,Later build step implementation must preserve this S00 baseline and add executable tests before VERIFIED.,Not started,Mapped for S00 governance baseline
S00,TST-030,TST,Oghenemaro,test_acceptance_governance,Requirement completeness and evidence review,Test evidence shall be retained with the release manifest.,Auditor can reproduce acceptance decision.,docs/test-evidence/s00-freeze-product-policy-and-company-configuration/review-evidence.md,Later build step implementation must preserve this S00 baseline and add executable tests before VERIFIED.,Not started,Mapped for S00 governance baseline
